2017-05-18 22:15:48,2017-05-18 22:16:03,47.54583,-120.56800,0,246,300.53,"Ti=93/Te=82/P= 98387/V=8028"
2017-05-18 22:18:33,2017-05-18 22:18:33,47.54617,-120.56833,15,338,351.74,"Ti=94/Te=82/P= 98059/V=8008"
2017-05-18 22:19:18,2017-05-18 22:19:18,47.54667,-120.56983,22,291,555.65,"Ti=94/Te=81/P= 96004/V=8028"
2017-05-18 22:19:33,2017-05-18 22:19:33,47.54683,-120.57067,15,274,623.93,"Ti=94/Te=81/P= 95174/V=8028"
2017-05-18 22:19:48,2017-05-18 22:19:48,47.54750,-120.57150,26,310,690.07,"Ti=94/Te=80/P= 94409/V=8008"
2017-05-18 22:20:03,2017-05-18 22:20:03,47.54783,-120.57283,17,309,760.48,"Ti=95/Te=79/P= 93710/V=8028"
2017-05-18 22:20:18,2017-05-18 22:20:18,47.54817,-120.57400,24,276,840.64,"Ti=95/Te=78/P= 92878/V=7988"
2017-05-18 22:20:33,2017-05-18 22:20:33,47.54833,-120.57483,13,267,923.24,"Ti=95/Te=78/P= 92012/V=8008"
2017-05-18 22:20:48,2017-05-18 22:20:48,47.54833,-120.57550,11,268,989.38,"Ti=95/Te=77/P= 91121/V=7988"
2017-05-18 22:21:03,2017-05-18 22:21:03,47.54833,-120.57617,13,328,1055.52,"Ti=95/Te=77/P= 90470/V=8008"
2017-05-18 22:21:18,2017-05-18 22:21:18,47.54867,-120.57667,22,278,1150.01,"Ti=95/Te=76/P= 89674/V=7947"
2017-05-18 22:21:33,2017-05-18 22:21:33,47.54883,-120.57733,13,264,1222.86,"Ti=95/Te=75/P= 88615/V=7988"
2017-05-18 22:21:48,2017-05-18 22:21:48,47.54883,-120.57767,4,259,1275.89,"Ti=95/Te=74/P= 88005/V=7967"
2017-05-18 22:22:18,2017-05-18 22:22:18,47.54950,-120.57917,19,309,1386.54,"Ti=95/Te=74/P= 86765/V=8008"
2017-05-18 22:22:33,2017-05-18 22:22:33,47.55000,-120.57950,13,301,1432.26,"Ti=95/Te=73/P= 86340/V=8008"
2017-05-18 22:22:48,2017-05-18 22:22:48,47.55017,-120.58000,11,308,1502.66,"Ti=95/Te=72/P= 85794/V=8008"
2017-05-18 22:23:03,2017-05-18 22:23:03,47.55033,-120.58000,6,25,1565.15,"Ti=95/Te=71/P= 84997/V=8008"
2017-05-18 22:23:18,2017-05-18 22:23:18,47.55050,-120.58000,11,20,1605.08,"Ti=96/Te=71/P= 84386/V=8008"
2017-05-18 22:23:34,2017-05-18 22:23:34,47.55100,-120.57967,17,9,1671.22,"Ti=96/Te=70/P= 83852/V=8008"
2017-05-18 22:23:48,2017-05-18 22:23:48,47.55133,-120.57933,13,52,1732.79,"Ti=96/Te=70/P= 83286/V=8008"
2017-05-18 22:24:03,2017-05-18 22:24:03,47.55150,-120.57883,17,49,1794.05,"Ti=96/Te=69/P= 82698/V=8008"
2017-05-18 22:24:19,2017-05-18 22:24:19,47.55200,-120.57850,13,342,1868.73,"Ti=96/Te=69/P= 82070/V=8008"
2017-05-18 22:24:33,2017-05-18 22:24:33,47.55200,-120.57833,11,98,1944.32,"Ti=96/Te=68/P= 81297/V=8008"
2017-05-18 22:24:48,2017-05-18 22:24:48,47.55183,-120.57783,9,97,1998.27,"Ti=96/Te=68/P= 80600/V=8008"
2017-05-18 22:25:03,2017-05-18 22:25:03,47.55217,-120.57717,11,13,2065.63,"Ti=96/Te=67/P= 80078/V=8008"
2017-05-18 22:25:18,2017-05-18 22:25:18,47.55233,-120.57650,19,74,2125.07,"Ti=96/Te=66/P= 79432/V=8008"
2017-05-18 22:25:33,2017-05-18 22:25:33,47.55267,-120.57567,19,93,2173.22,"Ti=96/Te=66/P= 78844/V=8008"
2017-05-18 22:25:48,2017-05-18 22:25:48,47.55300,-120.57483,17,42,2218.64,"Ti=96/Te=66/P= 78445/V=8008"
2017-05-18 22:26:03,2017-05-18 22:26:03,47.55350,-120.57450,11,358,2258.57,"Ti=96/Te=65/P= 78029/V=8008"
2017-05-18 22:26:49,2017-05-18 22:26:49,47.55417,-120.57417,11,130,2393.29,"Ti=96/Te=64/P= 76867/V=8008"
2017-05-18 22:27:34,2017-05-18 22:27:34,47.55400,-120.57150,20,96,2533.19,"Ti=96/Te=63/P= 75468/V=8008"
2017-05-18 22:27:49,2017-05-18 22:27:49,47.55400,-120.57033,20,99,2575.86,"Ti=96/Te=62/P= 75067/V=8008"
2017-05-18 22:28:04,2017-05-18 22:28:04,47.55383,-120.56917,24,75,2626.77,"Ti=96/Te=62/P= 74645/V=8008"
2017-05-18 22:28:34,2017-05-18 22:28:34,47.55417,-120.56717,20,78,2725.22,"Ti=96/Te=62/P= 73707/V=8008"
2017-05-18 22:28:49,2017-05-18 22:28:49,47.55433,-120.56617,17,80,2770.63,"Ti=96/Te=62/P= 73260/V=7907"
2017-05-18 22:29:04,2017-05-18 22:29:04,47.55450,-120.56500,20,74,2828.24,"Ti=96/Te=61/P= 72781/V=7988"
2017-05-18 22:29:19,2017-05-18 22:29:19,47.55467,-120.56433,17,70,2881.88,"Ti=96/Te=61/P= 72316/V=7988"
2017-05-18 22:29:48,2017-05-18 22:29:48,47.55517,-120.56233,13,63,3001.37,"Ti=96/Te=60/P= 71228/V=7988"
2017-05-18 22:30:03,2017-05-18 22:30:03,47.55550,-120.56133,19,60,3056.23,"Ti=96/Te=60/P= 70750/V=7988"
2017-05-18 22:30:18,2017-05-18 22:30:18,47.55583,-120.56050,24,63,3105.30,"Ti=96/Te=59/P= 70238/V=7988"
2017-05-18 22:30:33,2017-05-18 22:30:33,47.55617,-120.55917,30,76,3161.69,"Ti=96/Te=58/P= 69844/V=7988"
2017-05-18 22:30:48,2017-05-18 22:30:48,47.55650,-120.55767,30,66,3208.02,"Ti=96/Te=58/P= 69352/V=7988"
2017-05-18 22:31:03,2017-05-18 22:31:03,47.55667,-120.55617,24,71,3244.29,"Ti=96/Te=57/P= 68950/V=7988"
2017-05-18 22:31:18,2017-05-18 22:31:18,47.55700,-120.55517,17,64,3280.26,"Ti=96/Te=57/P= 68647/V=7988"
2017-05-18 22:31:33,2017-05-18 22:31:33,47.55733,-120.55400,22,81,3315.92,"Ti=96/Te=58/P= 68335/V=7988"
2017-05-18 22:31:48,2017-05-18 22:31:48,47.55733,-120.55283,26,90,3351.28,"Ti=96/Te=57/P= 68040/V=7988"
2017-05-18 22:32:03,2017-05-18 22:32:03,47.55733,-120.55150,24,87,3393.95,"Ti=96/Te=57/P= 67692/V=7988"
2017-05-18 22:32:18,2017-05-18 22:32:18,47.55750,-120.55017,28,93,3429.30,"Ti=96/Te=57/P= 67358/V=7988"
2017-05-18 22:32:33,2017-05-18 22:32:33,47.55767,-120.54883,19,88,3475.02,"Ti=96/Te=56/P= 67042/V=7988"
2017-05-18 22:32:48,2017-05-18 22:32:48,47.55767,-120.54750,22,82,3511.60,"Ti=96/Te=56/P= 66639/V=7988"
2017-05-18 22:33:03,2017-05-18 22:33:03,47.55750,-120.54650,20,110,3556.71,"Ti=96/Te=56/P= 66322/V=7988"
2017-05-18 22:33:18,2017-05-18 22:33:18,47.55733,-120.54533,24,84,3606.70,"Ti=96/Te=55/P= 65927/V=7988"
2017-05-18 22:33:33,2017-05-18 22:33:33,47.55750,-120.54433,24,95,3655.77,"Ti=96/Te=55/P= 65478/V=7988"
2017-05-18 22:33:48,2017-05-18 22:33:48,47.55733,-120.54300,22,110,3692.65,"Ti=96/Te=55/P= 65133/V=7988"
2017-05-18 22:34:03,2017-05-18 22:34:03,47.55733,-120.54183,24,93,3727.40,"Ti=96/Te=56/P= 64832/V=7988"
2017-05-18 22:34:18,2017-05-18 22:34:18,47.55733,-120.54033,28,88,3766.11,"Ti=96/Te=55/P= 64535/V=7988"
2017-05-18 22:34:33,2017-05-18 22:34:33,47.55733,-120.53900,24,97,3816.71,"Ti=96/Te=54/P= 64169/V=7988"
2017-05-18 22:34:48,2017-05-18 22:34:48,47.55717,-120.53800,19,100,3870.96,"Ti=96/Te=54/P= 63736/V=7988"
2017-05-18 22:35:03,2017-05-18 22:35:03,47.55717,-120.53650,28,96,3926.13,"Ti=95/Te=53/P= 63309/V=7988"
2017-05-18 22:35:18,2017-05-18 22:35:18,47.55717,-120.53517,17,87,3969.41,"Ti=96/Te=53/P= 62850/V=7988"
2017-05-18 22:35:33,2017-05-18 22:35:33,47.55717,-120.53400,19,82,4014.52,"Ti=95/Te=53/P= 62488/V=7988"
2017-05-18 22:35:48,2017-05-18 22:35:48,47.55717,-120.53300,17,94,4063.59,"Ti=95/Te=53/P= 62130/V=7988"
2017-05-18 22:36:03,2017-05-18 22:36:03,47.55700,-120.53183,30,100,4113.58,"Ti=95/Te=52/P= 61743/V=7988"
2017-05-18 22:36:18,2017-05-18 22:36:18,47.55700,-120.53067,22,71,4164.48,"Ti=95/Te=51/P= 61384/V=7988"
2017-05-18 22:36:33,2017-05-18 22:36:33,47.55700,-120.52933,26,94,4207.76,"Ti=95/Te=52/P= 60997/V=7988"
2017-05-18 22:36:48,2017-05-18 22:36:48,47.55700,-120.52800,24,87,4247.39,"Ti=95/Te=52/P= 60677/V=7988"
2017-05-18 22:37:03,2017-05-18 22:37:03,47.55717,-120.52650,26,77,4285.18,"Ti=95/Te=52/P= 60372/V=7988"
2017-05-18 22:37:18,2017-05-18 22:37:18,47.55717,-120.52500,35,94,4325.11,"Ti=95/Te=51/P= 60073/V=7988"
2017-05-18 22:37:33,2017-05-18 22:37:33,47.55717,-120.52317,37,82,4370.53,"Ti=95/Te=51/P= 59707/V=7988"
2017-05-18 22:37:48,2017-05-18 22:37:48,47.55717,-120.52150,28,84,4413.20,"Ti=95/Te=50/P= 59374/V=7967"
2017-05-18 22:38:03,2017-05-18 22:38:03,47.55700,-120.51983,37,107,4461.05,"Ti=95/Te=49/P= 59042/V=7988"
2017-05-18 22:38:18,2017-05-18 22:38:18,47.55650,-120.51750,43,97,4502.51,"Ti=95/Te=49/P= 58656/V=7988"
2017-05-18 22:38:33,2017-05-18 22:38:33,47.55650,-120.51550,31,108,4537.86,"Ti=95/Te=50/P= 58370/V=7967"
2017-05-18 22:38:48,2017-05-18 22:38:48,47.55617,-120.51400,31,102,4566.51,"Ti=95/Te=49/P= 58118/V=7988"
2017-05-18 22:39:03,2017-05-18 22:39:03,47.55567,-120.51217,37,111,4596.69,"Ti=95/Te=50/P= 57903/V=7967"
2017-05-18 22:39:18,2017-05-18 22:39:18,47.55517,-120.51050,30,110,4625.04,"Ti=95/Te=50/P= 57673/V=7967"
2017-05-18 22:39:33,2017-05-18 22:39:33,47.55467,-120.50883,35,109,4649.72,"Ti=95/Te=50/P= 57467/V=7967"
2017-05-18 22:39:48,2017-05-18 22:39:48,47.55433,-120.50717,31,101,4676.24,"Ti=95/Te=50/P= 57270/V=7967"
2017-05-18 22:40:03,2017-05-18 22:40:03,47.55400,-120.50550,33,105,4699.71,"Ti=95/Te=50/P= 57084/V=7967"
2017-05-18 22:40:18,2017-05-18 22:40:18,47.55383,-120.50367,31,97,4724.40,"Ti=95/Te=50/P= 56895/V=7967"
2017-05-18 22:40:33,2017-05-18 22:40:33,47.55383,-120.50183,31,102,4750.00,"Ti=95/Te=50/P= 56721/V=7967"
2017-05-18 22:40:48,2017-05-18 22:40:48,47.55350,-120.50000,37,100,4779.57,"Ti=95/Te=50/P= 56513/V=7967"
2017-05-18 22:41:04,2017-05-18 22:41:04,47.55333,-120.49783,37,96,4811.27,"Ti=95/Te=51/P= 56316/V=7947"
2017-05-18 22:41:19,2017-05-18 22:41:19,47.55317,-120.49567,37,96,4842.05,"Ti=95/Te=50/P= 56089/V=7947"
2017-05-18 22:41:34,2017-05-18 22:41:34,47.55300,-120.49350,39,95,4873.45,"Ti=95/Te=50/P= 55862/V=7947"
2017-05-18 22:41:49,2017-05-18 22:41:49,47.55267,-120.49150,41,98,4903.32,"Ti=95/Te=50/P= 55616/V=7947"
2017-05-18 22:42:04,2017-05-18 22:42:04,47.55250,-120.48917,37,103,4941.42,"Ti=95/Te=50/P= 55392/V=7947"
2017-05-18 22:42:19,2017-05-18 22:42:19,47.55200,-120.48700,43,105,4983.48,"Ti=95/Te=49/P= 55096/V=7947"
2017-05-18 22:42:34,2017-05-18 22:42:34,47.55150,-120.48450,46,102,5025.24,"Ti=95/Te=50/P= 54798/V=7947"
2017-05-18 22:42:49,2017-05-18 22:42:49,47.55100,-120.48217,46,115,5072.18,"Ti=95/Te=49/P= 54499/V=7947"
2017-05-18 22:43:04,2017-05-18 22:43:04,47.55017,-120.47967,46,107,5115.46,"Ti=94/Te=49/P= 54168/V=7947"
2017-05-18 22:43:19,2017-05-18 22:43:19,47.54967,-120.47717,46,116,5154.78,"Ti=95/Te=49/P= 53878/V=7947"
2017-05-18 22:43:34,2017-05-18 22:43:34,47.54883,-120.47483,52,114,5199.89,"Ti=94/Te=49/P= 53592/V=7947"
2017-05-18 22:43:49,2017-05-18 22:43:49,47.54800,-120.47250,52,111,5242.56,"Ti=94/Te=49/P= 53268/V=7947"
2017-05-18 22:44:04,2017-05-18 22:44:04,47.54733,-120.46983,48,113,5282.49,"Ti=94/Te=49/P= 52983/V=7947"
2017-05-18 22:44:19,2017-05-18 22:44:19,47.54667,-120.46750,48,110,5325.16,"Ti=94/Te=49/P= 52690/V=7947"
2017-05-18 22:44:34,2017-05-18 22:44:34,47.54600,-120.46483,48,111,5371.49,"Ti=94/Te=48/P= 52409/V=7947"
2017-05-18 22:44:49,2017-05-18 22:44:49,47.54533,-120.46233,52,110,5415.38,"Ti=94/Te=48/P= 52065/V=7947"
2017-05-18 22:45:04,2017-05-18 22:45:04,47.54483,-120.45983,44,111,5462.93,"Ti=94/Te=47/P= 51754/V=7947"
2017-05-18 22:45:19,2017-05-18 22:45:19,47.54417,-120.45750,50,111,5512.92,"Ti=94/Te=47/P= 51413/V=7947"
2017-05-18 22:45:34,2017-05-18 22:45:34,47.54350,-120.45500,48,111,5557.11,"Ti=94/Te=47/P= 51107/V=7947"
2017-05-18 22:45:49,2017-05-18 22:45:49,47.54300,-120.45233,46,104,5597.65,"Ti=94/Te=46/P= 50818/V=7947"
2017-05-18 22:46:04,2017-05-18 22:46:04,47.54250,-120.44983,46,109,5635.45,"Ti=94/Te=46/P= 50527/V=7947"
2017-05-18 22:46:19,2017-05-18 22:46:19,47.54200,-120.44717,50,100,5673.85,"Ti=94/Te=46/P= 50296/V=7947"
2017-05-18 22:46:34,2017-05-18 22:46:34,47.54167,-120.44450,48,102,5713.17,"Ti=94/Te=46/P= 50016/V=7947"
2017-05-18 22:46:49,2017-05-18 22:46:49,47.54117,-120.44217,48,113,5753.40,"Ti=94/Te=45/P= 49774/V=7927"
2017-05-18 22:47:04,2017-05-18 22:47:04,47.54067,-120.43950,46,103,5794.25,"Ti=94/Te=46/P= 49493/V=7947"
2017-05-18 22:47:19,2017-05-18 22:47:19,47.54017,-120.43700,48,108,5832.35,"Ti=94/Te=46/P= 49239/V=7947"
2017-05-18 22:47:34,2017-05-18 22:47:34,47.53950,-120.43433,48,103,5878.07,"Ti=94/Te=45/P= 48975/V=7947"
2017-05-18 22:47:49,2017-05-18 22:47:49,47.53883,-120.43150,54,110,5925.01,"Ti=94/Te=44/P= 48663/V=7927"
2017-05-18 22:48:04,2017-05-18 22:48:04,47.53800,-120.42867,61,113,5967.68,"Ti=94/Te=44/P= 48368/V=7947"
2017-05-18 22:48:19,2017-05-18 22:48:19,47.53717,-120.42550,61,111,6007.61,"Ti=94/Te=44/P= 48073/V=7927"
2017-05-18 22:48:34,2017-05-18 22:48:34,47.53617,-120.42233,61,114,6044.79,"Ti=94/Te=44/P= 47823/V=7927"
2017-05-18 22:48:49,2017-05-18 22:48:49,47.53533,-120.41933,56,115,6082.28,"Ti=94/Te=44/P= 47601/V=7927"
2017-05-18 22:49:04,2017-05-18 22:49:04,47.53433,-120.41650,54,116,6119.47,"Ti=93/Te=44/P= 47354/V=7927"
2017-05-18 22:49:19,2017-05-18 22:49:19,47.53350,-120.41383,61,117,6156.96,"Ti=94/Te=44/P= 47121/V=7927"
2017-05-18 22:49:34,2017-05-18 22:49:34,47.53233,-120.41083,59,119,6193.23,"Ti=93/Te=44/P= 46901/V=7927"
2017-05-18 22:49:49,2017-05-18 22:49:49,47.53133,-120.40817,63,120,6231.03,"Ti=94/Te=44/P= 46663/V=7927"
2017-05-18 22:50:04,2017-05-18 22:50:04,47.53000,-120.40533,65,122,6268.82,"Ti=93/Te=44/P= 46425/V=7927"
2017-05-18 22:50:19,2017-05-18 22:50:19,47.52883,-120.40233,65,119,6304.48,"Ti=93/Te=44/P= 46201/V=7927"
2017-05-18 22:50:34,2017-05-18 22:50:34,47.52750,-120.39933,69,126,6342.28,"Ti=93/Te=43/P= 45970/V=7927"
2017-05-18 22:50:49,2017-05-18 22:50:49,47.52600,-120.39633,69,126,6379.46,"Ti=93/Te=43/P= 45734/V=7927"
2017-05-18 22:51:04,2017-05-18 22:51:04,47.52467,-120.39317,74,124,6417.26,"Ti=93/Te=43/P= 45496/V=7927"
2017-05-18 22:51:19,2017-05-18 22:51:19,47.52300,-120.38983,83,126,6460.24,"Ti=93/Te=42/P= 45262/V=7927"
2017-05-18 22:51:34,2017-05-18 22:51:34,47.52100,-120.38600,83,127,6503.52,"Ti=93/Te=42/P= 44966/V=7927"
2017-05-18 22:51:49,2017-05-18 22:51:49,47.51900,-120.38233,87,130,6541.01,"Ti=93/Te=42/P= 44737/V=7947"
2017-05-18 22:52:04,2017-05-18 22:52:04,47.51700,-120.37850,91,131,6578.80,"Ti=93/Te=42/P= 44537/V=7947"
2017-05-18 22:52:19,2017-05-18 22:52:19,47.51483,-120.37500,91,131,6617.21,"Ti=93/Te=42/P= 44283/V=7947"
2017-05-18 22:52:34,2017-05-18 22:52:34,47.51267,-120.37117,85,131,6654.39,"Ti=93/Te=42/P= 44044/V=7947"
2017-05-18 22:52:49,2017-05-18 22:52:49,47.51033,-120.36767,89,133,6693.10,"Ti=93/Te=42/P= 43802/V=7927"
2017-05-18 22:53:04,2017-05-18 22:53:04,47.50800,-120.36417,91,136,6733.03,"Ti=93/Te=42/P= 43597/V=7947"
2017-05-18 22:53:19,2017-05-18 22:53:19,47.50567,-120.36067,91,133,6769.61,"Ti=93/Te=41/P= 43362/V=7927"
2017-05-18 22:53:34,2017-05-18 22:53:34,47.50333,-120.35717,93,136,6808.62,"Ti=93/Te=41/P= 43139/V=7927"
2017-05-18 22:53:49,2017-05-18 22:53:49,47.50083,-120.35333,94,133,6846.11,"Ti=92/Te=41/P= 42908/V=7927"
2017-05-18 22:54:04,2017-05-18 22:54:04,47.49850,-120.34967,91,134,6882.08,"Ti=92/Te=41/P= 42696/V=7927"
2017-05-18 22:54:19,2017-05-18 22:54:19,47.49600,-120.34600,96,132,6918.66,"Ti=92/Te=40/P= 42485/V=7927"
2017-05-18 22:54:34,2017-05-18 22:54:34,47.49350,-120.34200,94,135,6955.54,"Ti=92/Te=40/P= 42270/V=7927"
2017-05-18 22:54:49,2017-05-18 22:54:49,47.49117,-120.33817,98,132,6991.20,"Ti=92/Te=40/P= 42075/V=7927"
2017-05-18 22:55:04,2017-05-18 22:55:04,47.48883,-120.33417,91,132,7028.99,"Ti=92/Te=40/P= 41853/V=7927"
2017-05-18 22:55:19,2017-05-18 22:55:19,47.48650,-120.33033,98,129,7067.40,"Ti=92/Te=40/P= 41638/V=7927"
2017-05-18 22:55:34,2017-05-18 22:55:34,47.48433,-120.32617,93,128,7103.67,"Ti=92/Te=40/P= 41416/V=7927"
2017-05-18 22:55:49,2017-05-18 22:55:49,47.48217,-120.32217,96,129,7140.55,"Ti=92/Te=40/P= 41188/V=7927"
2017-05-18 22:56:04,2017-05-18 22:56:04,47.48000,-120.31800,94,129,7178.04,"Ti=92/Te=40/P= 41001/V=7927"
2017-05-18 22:56:20,2017-05-18 22:56:20,47.47767,-120.31383,94,127,7216.14,"Ti=92/Te=40/P= 40797/V=7947"
2017-05-18 22:56:35,2017-05-18 22:56:35,47.47550,-120.30983,89,128,7251.80,"Ti=92/Te=40/P= 40584/V=7947"
2017-05-18 22:56:50,2017-05-18 22:56:50,47.47333,-120.30583,93,128,7288.07,"Ti=92/Te=39/P= 40377/V=7947"
2017-05-18 22:57:05,2017-05-18 22:57:05,47.47117,-120.30200,91,130,7324.95,"Ti=92/Te=39/P= 40172/V=7927"
2017-05-18 22:57:20,2017-05-18 22:57:20,47.46900,-120.29817,94,128,7359.40,"Ti=91/Te=39/P= 39981/V=7947"
2017-05-18 22:57:35,2017-05-18 22:57:35,47.46667,-120.29417,91,128,7393.53,"Ti=91/Te=40/P= 39792/V=7947"
2017-05-18 22:57:50,2017-05-18 22:57:50,47.46433,-120.29017,94,132,7428.89,"Ti=91/Te=39/P= 39613/V=7947"
2017-05-18 22:58:05,2017-05-18 22:58:05,47.46217,-120.28617,94,131,7460.89,"Ti=91/Te=39/P= 39392/V=7927"
2017-05-18 22:58:20,2017-05-18 22:58:20,47.45983,-120.28217,94,129,7493.51,"Ti=91/Te=39/P= 39239/V=7947"
2017-05-18 22:58:35,2017-05-18 22:58:35,47.45767,-120.27817,94,131,7527.34,"Ti=91/Te=39/P= 39051/V=7947"
2017-05-18 22:58:50,2017-05-18 22:58:50,47.45550,-120.27417,94,128,7561.48,"Ti=91/Te=38/P= 38878/V=7947"
2017-05-18 22:59:20,2017-05-18 22:59:20,47.45100,-120.26633,94,130,7630.67,"Ti=91/Te=38/P= 38493/V=7947"
2017-05-18 22:59:35,2017-05-18 22:59:35,47.44883,-120.26267,89,132,7668.16,"Ti=91/Te=37/P= 38297/V=7927"
2017-05-18 22:59:50,2017-05-18 22:59:50,47.44667,-120.25883,94,131,7705.34,"Ti=91/Te=38/P= 38104/V=7927"
2017-05-18 23:00:05,2017-05-18 23:00:05,47.44450,-120.25483,89,129,7744.36,"Ti=91/Te=37/P= 37899/V=7927"
2017-05-18 23:00:20,2017-05-18 23:00:20,47.44233,-120.25083,93,127,7785.51,"Ti=91/Te=36/P= 37697/V=7927"
2017-05-18 23:00:35,2017-05-18 23:00:35,47.44000,-120.24700,98,134,7829.09,"Ti=91/Te=36/P= 37472/V=7927"
2017-05-18 23:00:50,2017-05-18 23:00:50,47.43767,-120.24300,96,126,7872.98,"Ti=91/Te=36/P= 37224/V=7927"
2017-05-18 23:01:05,2017-05-18 23:01:05,47.43533,-120.23900,93,132,7916.88,"Ti=91/Te=36/P= 37012/V=7927"
2017-05-18 23:01:20,2017-05-18 23:01:20,47.43300,-120.23500,93,129,7960.46,"Ti=91/Te=35/P= 36778/V=7927"
2017-05-18 23:01:50,2017-05-18 23:01:50,47.42817,-120.22717,100,130,8047.02,"Ti=91/Te=35/P= 36324/V=7927"
2017-05-18 23:02:05,2017-05-18 23:02:05,47.42567,-120.22300,96,132,8093.05,"Ti=91/Te=35/P= 36113/V=7927"
2017-05-18 23:02:20,2017-05-18 23:02:20,47.42333,-120.21917,98,134,8138.46,"Ti=91/Te=35/P= 35875/V=7927"
2017-05-18 23:02:35,2017-05-18 23:02:35,47.42083,-120.21517,93,133,8189.06,"Ti=91/Te=34/P= 35626/V=7927"
2017-05-18 23:02:50,2017-05-18 23:02:50,47.41817,-120.21150,104,135,8243.62,"Ti=91/Te=33/P= 35366/V=7927"
2017-05-18 23:03:05,2017-05-18 23:03:05,47.41550,-120.20733,102,132,8296.96,"Ti=91/Te=33/P= 35086/V=7927"
2017-05-18 23:03:20,2017-05-18 23:03:20,47.41283,-120.20350,98,139,8349.69,"Ti=90/Te=33/P= 34821/V=7927"
2017-05-18 23:03:35,2017-05-18 23:03:35,47.41000,-120.19967,98,138,8400.59,"Ti=90/Te=32/P= 34555/V=7927"
2017-05-18 23:03:50,2017-05-18 23:03:50,47.40717,-120.19583,104,138,8449.36,"Ti=90/Te=33/P= 34314/V=7927"
2017-05-18 23:04:05,2017-05-18 23:04:05,47.40433,-120.19183,107,136,8496.60,"Ti=90/Te=33/P= 34070/V=7927"
2017-05-18 23:04:20,2017-05-18 23:04:20,47.40133,-120.18783,107,137,8548.12,"Ti=90/Te=32/P= 33837/V=7927"
2017-05-18 23:04:35,2017-05-18 23:04:35,47.39833,-120.18383,106,140,8598.10,"Ti=90/Te=32/P= 33567/V=7927"
2017-05-18 23:04:50,2017-05-18 23:04:50,47.39517,-120.18000,113,139,8653.27,"Ti=90/Te=32/P= 33336/V=7927"
2017-05-18 23:05:05,2017-05-18 23:05:05,47.39200,-120.17617,113,141,8704.48,"Ti=90/Te=32/P= 33071/V=7927"
2017-05-18 23:05:20,2017-05-18 23:05:20,47.38867,-120.17250,113,142,8749.28,"Ti=90/Te=30/P= 32846/V=7927"
2017-05-18 23:05:35,2017-05-18 23:05:35,47.38517,-120.16883,117,148,8798.36,"Ti=90/Te=30/P= 32640/V=7927"
2017-05-18 23:05:50,2017-05-18 23:05:50,47.38150,-120.16500,117,146,8843.47,"Ti=90/Te=30/P= 32389/V=7927"
2017-05-18 23:06:05,2017-05-18 23:06:05,47.37783,-120.16133,119,148,8884.31,"Ti=90/Te=30/P= 32198/V=7927"
2017-05-18 23:06:20,2017-05-18 23:06:20,47.37400,-120.15767,120,147,8923.63,"Ti=90/Te=30/P= 31999/V=7907"
2017-05-18 23:06:35,2017-05-18 23:06:35,47.37000,-120.15400,122,148,8963.25,"Ti=90/Te=30/P= 31813/V=7927"
2017-05-18 23:06:50,2017-05-18 23:06:50,47.36600,-120.15033,128,150,9002.57,"Ti=90/Te=30/P= 31645/V=7907"
2017-05-18 23:07:05,2017-05-18 23:07:05,47.36167,-120.14650,137,147,9049.82,"Ti=89/Te=28/P= 31445/V=7907"
2017-05-18 23:07:20,2017-05-18 23:07:20,47.35700,-120.14250,150,150,9106.20,"Ti=89/Te=29/P= 31186/V=7927"
2017-05-18 23:07:35,2017-05-18 23:07:35,47.35217,-120.13833,154,153,9158.33,"Ti=89/Te=27/P= 30973/V=7927"
2017-05-18 23:07:50,2017-05-18 23:07:50,47.34717,-120.13400,157,151,9224.16,"Ti=89/Te=26/P= 30685/V=7927"
2017-05-18 23:08:05,2017-05-18 23:08:05,47.34183,-120.13017,161,153,9287.56,"Ti=89/Te=26/P= 30381/V=7927"
2017-05-18 23:08:20,2017-05-18 23:08:20,47.33617,-120.12567,167,150,9349.44,"Ti=89/Te=26/P= 30112/V=7927"
2017-05-18 23:08:35,2017-05-18 23:08:35,47.33067,-120.12100,178,153,9399.73,"Ti=89/Te=26/P= 29863/V=7927"
2017-05-18 23:08:50,2017-05-18 23:08:50,47.32483,-120.11650,181,154,9447.89,"Ti=89/Te=26/P= 29674/V=7927"
2017-05-18 23:09:05,2017-05-18 23:09:05,47.31883,-120.11200,181,153,9495.74,"Ti=89/Te=26/P= 29445/V=7907"
2017-05-18 23:09:20,2017-05-18 23:09:20,47.31250,-120.10717,183,151,9547.56,"Ti=89/Te=25/P= 29250/V=7907"
2017-05-18 23:09:35,2017-05-18 23:09:35,47.30650,-120.10250,193,153,9600.29,"Ti=89/Te=25/P= 29017/V=7907"
2017-05-18 23:09:50,2017-05-18 23:09:50,47.30017,-120.09750,196,153,9645.40,"Ti=88/Te=25/P= 28804/V=7907"
2017-05-18 23:10:05,2017-05-18 23:10:05,47.29367,-120.09250,200,150,9691.73,"Ti=88/Te=24/P= 28608/V=7907"
2017-05-18 23:10:20,2017-05-18 23:10:20,47.28717,-120.08700,196,151,9735.01,"Ti=88/Te=25/P= 28398/V=7907"
2017-05-18 23:10:35,2017-05-18 23:10:35,47.28067,-120.08150,202,150,9774.94,"Ti=88/Te=25/P= 28231/V=7907"
2017-05-18 23:10:50,2017-05-18 23:10:50,47.27417,-120.07600,198,148,9816.39,"Ti=88/Te=25/P= 28067/V=7907"
2017-05-18 23:11:05,2017-05-18 23:11:05,47.26783,-120.07017,206,149,9854.49,"Ti=88/Te=25/P= 27897/V=7907"
2017-05-18 23:11:20,2017-05-18 23:11:20,47.26117,-120.06450,206,149,9890.15,"Ti=88/Te=25/P= 27758/V=7907"
2017-05-18 23:11:35,2017-05-18 23:11:35,47.25467,-120.05867,206,148,9927.64,"Ti=88/Te=26/P= 27606/V=7907"
2017-05-18 23:11:51,2017-05-18 23:11:51,47.24783,-120.05233,207,148,9965.44,"Ti=88/Te=26/P= 27474/V=7907"
2017-05-18 23:12:06,2017-05-18 23:12:06,47.24133,-120.04633,204,148,10002.32,"Ti=88/Te=26/P= 27296/V=7907"
2017-05-18 23:12:21,2017-05-18 23:12:21,47.23467,-120.04033,207,148,10042.55,"Ti=87/Te=25/P= 27137/V=7907"
2017-05-18 23:12:36,2017-05-18 23:12:36,47.22817,-120.03417,209,147,10081.56,"Ti=87/Te=25/P= 26986/V=7907"
2017-05-18 23:12:51,2017-05-18 23:12:51,47.22167,-120.02833,202,148,10121.49,"Ti=87/Te=25/P= 26823/V=7907"
2017-05-18 23:13:06,2017-05-18 23:13:06,47.21517,-120.02217,207,147,10166.30,"Ti=87/Te=25/P= 26659/V=7907"
2017-05-18 23:13:21,2017-05-18 23:13:21,47.20867,-120.01600,207,148,10208.67,"Ti=87/Te=26/P= 26489/V=7907"
2017-05-18 23:13:36,2017-05-18 23:13:36,47.20233,-120.00983,209,146,10253.17,"Ti=87/Te=25/P= 26298/V=7907"
2017-05-18 23:13:51,2017-05-18 23:13:51,47.19583,-120.00367,207,147,10298.28,"Ti=87/Te=25/P= 26121/V=7907"
2017-05-18 23:14:06,2017-05-18 23:14:06,47.18933,-119.99733,207,146,10343.69,"Ti=87/Te=25/P= 25939/V=7907"
2017-05-18 23:14:21,2017-05-18 23:14:21,47.18283,-119.99100,206,146,10390.33,"Ti=87/Te=25/P= 25764/V=7907"
2017-05-18 23:14:36,2017-05-18 23:14:36,47.17633,-119.98467,206,146,10437.27,"Ti=87/Te=25/P= 25573/V=7907"
2017-05-18 23:14:51,2017-05-18 23:14:51,47.17000,-119.97817,209,145,10484.21,"Ti=87/Te=25/P= 25398/V=7907"
2017-05-18 23:15:06,2017-05-18 23:15:06,47.16350,-119.97167,206,145,10531.75,"Ti=87/Te=24/P= 25230/V=7907"
2017-05-18 23:15:21,2017-05-18 23:15:21,47.15700,-119.96533,206,147,10577.78,"Ti=87/Te=24/P= 25048/V=7907"
2017-05-18 23:15:36,2017-05-18 23:15:36,47.15083,-119.95900,206,145,10621.37,"Ti=86/Te=24/P= 24888/V=7907"
2017-05-18 23:15:51,2017-05-18 23:15:51,47.14433,-119.95267,209,147,10664.04,"Ti=87/Te=24/P= 24724/V=7907"
2017-05-18 23:16:06,2017-05-18 23:16:06,47.13783,-119.94617,211,145,10707.32,"Ti=86/Te=24/P= 24565/V=7907"
2017-05-18 23:16:21,2017-05-18 23:16:21,47.13150,-119.93967,207,145,10750.91,"Ti=86/Te=24/P= 24381/V=7907"
2017-05-18 23:16:36,2017-05-18 23:16:36,47.12500,-119.93300,211,146,10792.97,"Ti=86/Te=24/P= 24230/V=7907"
2017-05-18 23:16:51,2017-05-18 23:16:51,47.11850,-119.92650,209,145,10835.64,"Ti=86/Te=24/P= 24073/V=7907"
2017-05-18 23:17:06,2017-05-18 23:17:06,47.11200,-119.92000,207,146,10882.58,"Ti=86/Te=23/P= 23912/V=7907"
2017-05-18 23:17:21,2017-05-18 23:17:21,47.10567,-119.91383,200,146,10929.21,"Ti=86/Te=22/P= 23740/V=7907"
2017-05-18 23:17:36,2017-05-18 23:17:36,47.09967,-119.90750,196,145,10981.94,"Ti=86/Te=22/P= 23548/V=7907"
2017-05-18 23:17:51,2017-05-18 23:17:51,47.09367,-119.90167,193,145,11031.02,"Ti=86/Te=22/P= 23384/V=7907"
2017-05-18 23:18:06,2017-05-18 23:18:06,47.08767,-119.89567,194,147,11078.57,"Ti=85/Te=22/P= 23199/V=7907"
2017-05-18 23:18:21,2017-05-18 23:18:21,47.08183,-119.89000,185,146,11127.33,"Ti=85/Te=20/P= 23038/V=7907"
2017-05-18 23:18:36,2017-05-18 23:18:36,47.07600,-119.88467,183,148,11175.49,"Ti=85/Te=21/P= 22851/V=7907"
2017-05-18 23:18:51,2017-05-18 23:18:51,47.07017,-119.87933,178,149,11218.16,"Ti=85/Te=21/P= 22691/V=7907"
2017-05-18 23:19:06,2017-05-18 23:19:06,47.06450,-119.87400,180,148,11261.75,"Ti=85/Te=21/P= 22540/V=7907"
2017-05-18 23:19:21,2017-05-18 23:19:21,47.05900,-119.86867,174,147,11303.81,"Ti=85/Te=21/P= 22387/V=7891"
2017-05-18 23:19:36,2017-05-18 23:19:36,47.05350,-119.86350,174,147,11344.35,"Ti=85/Te=21/P= 22238/V=7891"
2017-05-18 23:19:51,2017-05-18 23:19:51,47.04817,-119.85817,176,147,11387.63,"Ti=85/Te=20/P= 22101/V=7891"
2017-05-18 23:20:06,2017-05-18 23:20:06,47.04300,-119.85283,172,145,11427.26,"Ti=84/Te=20/P= 21961/V=7907"
2017-05-18 23:20:21,2017-05-18 23:20:21,47.03783,-119.84750,170,145,11467.80,"Ti=85/Te=20/P= 21836/V=7891"
2017-05-18 23:20:36,2017-05-18 23:20:36,47.03267,-119.84200,169,142,11512.30,"Ti=84/Te=21/P= 21703/V=7907"
2017-05-18 23:20:51,2017-05-18 23:20:51,47.02783,-119.83650,169,143,11555.27,"Ti=84/Te=20/P= 21533/V=7891"
2017-05-18 23:21:06,2017-05-18 23:21:06,47.02300,-119.83100,165,142,11598.55,"Ti=84/Te=20/P= 21383/V=7907"
2017-05-18 23:21:21,2017-05-18 23:21:21,47.01817,-119.82533,165,141,11640.92,"Ti=84/Te=20/P= 21239/V=7891"
2017-05-18 23:21:36,2017-05-18 23:21:36,47.01350,-119.81967,163,141,11686.95,"Ti=84/Te=20/P= 21099/V=7891"
2017-05-18 23:21:51,2017-05-18 23:21:51,47.00850,-119.81400,172,141,11739.37,"Ti=84/Te=18/P= 20929/V=7891"
2017-05-18 23:22:06,2017-05-18 23:22:06,47.00367,-119.80750,176,138,11786.92,"Ti=84/Te=19/P= 20757/V=7891"
2017-05-18 23:22:21,2017-05-18 23:22:21,46.99867,-119.80083,185,137,11836.60,"Ti=84/Te=18/P= 20605/V=7891"
2017-05-18 23:22:36,2017-05-18 23:22:36,46.99367,-119.79417,185,138,11884.15,"Ti=84/Te=19/P= 20453/V=7891"
2017-05-18 23:22:51,2017-05-18 23:22:51,46.98850,-119.78733,185,140,11933.83,"Ti=83/Te=18/P= 20292/V=7891"
2017-05-18 23:23:06,2017-05-18 23:23:06,46.98300,-119.78067,187,138,11983.21,"Ti=83/Te=18/P= 20150/V=7891"
2017-05-18 23:23:21,2017-05-18 23:23:21,46.97767,-119.77400,191,141,12030.76,"Ti=83/Te=18/P= 19971/V=7891"
2017-05-18 23:23:36,2017-05-18 23:23:36,46.97217,-119.76750,193,142,12078.92,"Ti=83/Te=18/P= 19837/V=7891"
2017-05-18 23:23:51,2017-05-18 23:23:51,46.96650,-119.76117,183,143,12127.08,"Ti=83/Te=18/P= 19687/V=7891"
2017-05-18 23:24:06,2017-05-18 23:24:06,46.96117,-119.75567,172,148,12182.55,"Ti=83/Te=18/P= 19531/V=7891"
2017-05-18 23:24:21,2017-05-18 23:24:21,46.95583,-119.75083,161,150,12238.33,"Ti=83/Te=17/P= 19343/V=7891"
2017-05-18 23:24:36,2017-05-18 23:24:36,46.95083,-119.74650,154,151,12289.54,"Ti=83/Te=17/P= 19174/V=7891"
2017-05-18 23:24:51,2017-05-18 23:24:51,46.94567,-119.74267,154,153,12354.15,"Ti=83/Te=16/P= 19019/V=7891"
2017-05-18 23:25:06,2017-05-18 23:25:06,46.94117,-119.73933,124,150,12416.03,"Ti=83/Te=16/P= 18826/V=7891"
2017-05-18 23:25:21,2017-05-18 23:25:21,46.93733,-119.73600,117,150,12482.47,"Ti=82/Te=16/P= 18646/V=7891"
2017-05-18 23:25:36,2017-05-18 23:25:36,46.93383,-119.73283,109,149,12540.39,"Ti=82/Te=16/P= 18456/V=7891"
2017-05-18 23:25:51,2017-05-18 23:25:51,46.93050,-119.73017,96,146,12599.21,"Ti=82/Te=15/P= 18301/V=7891"
2017-05-18 23:26:06,2017-05-18 23:26:06,46.92783,-119.72750,87,146,12653.77,"Ti=82/Te=16/P= 18135/V=7891"
2017-05-18 23:26:21,2017-05-18 23:26:21,46.92517,-119.72467,80,148,12704.67,"Ti=82/Te=16/P= 17979/V=7891"
2017-05-18 23:26:36,2017-05-18 23:26:36,46.92267,-119.72217,83,144,12758.62,"Ti=82/Te=16/P= 17825/V=7891"
2017-05-18 23:26:51,2017-05-18 23:26:51,46.92033,-119.71917,85,137,12806.17,"Ti=82/Te=16/P= 17684/V=7891"
2017-05-18 23:27:06,2017-05-18 23:27:06,46.91800,-119.71633,80,140,12852.81,"Ti=82/Te=17/P= 17550/V=7891"
2017-05-18 23:27:21,2017-05-18 23:27:21,46.91567,-119.71333,87,137,12902.18,"Ti=82/Te=17/P= 17425/V=7891"
2017-05-18 23:27:36,2017-05-18 23:27:36,46.91317,-119.71033,83,142,12950.95,"Ti=82/Te=18/P= 17286/V=7891"
2017-05-18 23:27:51,2017-05-18 23:27:51,46.91067,-119.70750,80,144,13000.63,"Ti=82/Te=18/P= 17170/V=7891"
2017-05-18 23:28:07,2017-05-18 23:28:07,46.90817,-119.70500,74,146,13056.11,"Ti=82/Te=18/P= 17042/V=7891"
2017-05-18 23:28:22,2017-05-18 23:28:22,46.90583,-119.70283,78,147,13108.23,"Ti=82/Te=18/P= 16892/V=7871"
2017-05-18 23:28:37,2017-05-18 23:28:37,46.90350,-119.70067,72,146,13160.65,"Ti=82/Te=18/P= 16767/V=7891"
2017-05-18 23:28:52,2017-05-18 23:28:52,46.90117,-119.69850,69,147,13210.95,"Ti=81/Te=19/P= 16632/V=7891"
2017-05-18 23:29:07,2017-05-18 23:29:07,46.89917,-119.69617,72,142,13263.07,"Ti=81/Te=18/P= 16488/V=7891"
2017-05-18 23:29:22,2017-05-18 23:29:22,46.89717,-119.69417,67,149,13317.32,"Ti=81/Te=17/P= 16371/V=7891"
2017-05-18 23:29:37,2017-05-18 23:29:37,46.89517,-119.69183,70,142,13370.05,"Ti=81/Te=18/P= 16232/V=7871"
2017-05-18 23:29:52,2017-05-18 23:29:52,46.89367,-119.68983,52,138,13422.17,"Ti=81/Te=19/P= 16109/V=7891"
2017-05-18 23:30:07,2017-05-18 23:30:07,46.89217,-119.68750,52,132,13464.54,"Ti=81/Te=20/P= 15978/V=7891"
2017-05-18 23:30:22,2017-05-18 23:30:22,46.89083,-119.68550,48,133,13507.21,"Ti=81/Te=20/P= 15876/V=7891"
2017-05-18 23:30:37,2017-05-18 23:30:37,46.88967,-119.68350,44,126,13546.84,"Ti=81/Te=20/P= 15782/V=7871"
2017-05-18 23:30:52,2017-05-18 23:30:52,46.88883,-119.68133,50,124,13583.72,"Ti=81/Te=20/P= 15700/V=7871"
2017-05-18 23:31:07,2017-05-18 23:31:07,46.88767,-119.67900,56,117,13619.99,"Ti=80/Te=20/P= 15594/V=7871"
2017-05-18 23:31:22,2017-05-18 23:31:22,46.88650,-119.67633,59,127,13656.26,"Ti=81/Te=21/P= 15498/V=7871"
2017-05-18 23:31:37,2017-05-18 23:31:37,46.88533,-119.67350,67,122,13695.27,"Ti=81/Te=20/P= 15403/V=7871"
2017-05-18 23:31:52,2017-05-18 23:31:52,46.88383,-119.67050,69,124,13734.90,"Ti=80/Te=20/P= 15311/V=7871"
2017-05-18 23:32:07,2017-05-18 23:32:07,46.88233,-119.66717,74,125,13775.44,"Ti=80/Te=21/P= 15216/V=7871"
2017-05-18 23:32:22,2017-05-18 23:32:22,46.88083,-119.66383,72,124,13816.89,"Ti=80/Te=22/P= 15131/V=7871"
2017-05-18 23:32:37,2017-05-18 23:32:37,46.87950,-119.66067,69,120,13862.00,"Ti=80/Te=22/P= 15032/V=7871"
2017-05-18 23:32:52,2017-05-18 23:32:52,46.87800,-119.65733,72,125,13907.41,"Ti=80/Te=21/P= 14939/V=7871"
2017-05-18 23:33:07,2017-05-18 23:33:07,46.87650,-119.65400,76,127,13953.74,"Ti=80/Te=22/P= 14821/V=7871"
2017-05-18 23:33:22,2017-05-18 23:33:22,46.87483,-119.65100,70,131,13998.24,"Ti=80/Te=23/P= 14722/V=7871"
2017-05-18 23:33:37,2017-05-18 23:33:37,46.87317,-119.64783,72,121,14044.88,"Ti=80/Te=23/P= 14619/V=7871"
2017-05-18 23:33:52,2017-05-18 23:33:52,46.87183,-119.64500,57,127,14098.22,"Ti=80/Te=22/P= 14506/V=7871"
2017-05-18 23:34:07,2017-05-18 23:34:07,46.87033,-119.64250,63,139,14153.08,"Ti=80/Te=22/P= 14395/V=7871"
2017-05-18 23:34:22,2017-05-18 23:34:22,46.86883,-119.64050,56,139,14208.25,"Ti=80/Te=22/P= 14272/V=7871"
2017-05-18 23:34:37,2017-05-18 23:34:37,46.86733,-119.63850,54,134,14262.20,"Ti=80/Te=23/P= 14154/V=7871"
2017-05-18 23:34:52,2017-05-18 23:34:52,46.86600,-119.63667,46,139,14315.24,"Ti=80/Te=23/P= 14047/V=7871"
2017-05-18 23:35:07,2017-05-18 23:35:07,46.86483,-119.63483,52,132,14365.83,"Ti=80/Te=23/P= 13948/V=7871"
2017-05-18 23:35:22,2017-05-18 23:35:22,46.86383,-119.63267,48,121,14412.77,"Ti=79/Te=23/P= 13830/V=7871"
2017-05-18 23:35:37,2017-05-18 23:35:37,46.86283,-119.63033,54,122,14460.63,"Ti=79/Te=24/P= 13716/V=7871"
2017-05-18 23:35:52,2017-05-18 23:35:52,46.86167,-119.62800,56,123,14503.60,"Ti=79/Te=24/P= 13621/V=7871"
2017-05-18 23:36:07,2017-05-18 23:36:07,46.86050,-119.62550,54,123,14549.32,"Ti=79/Te=24/P= 13520/V=7871"
2017-05-18 23:36:22,2017-05-18 23:36:22,46.85917,-119.62300,61,125,14594.43,"Ti=79/Te=24/P= 13431/V=7871"
2017-05-18 23:36:37,2017-05-18 23:36:37,46.85800,-119.62017,61,127,14637.72,"Ti=79/Te=24/P= 13346/V=7871"
2017-05-18 23:36:52,2017-05-18 23:36:52,46.85667,-119.61767,59,128,14680.08,"Ti=79/Te=24/P= 13256/V=7871"
2017-05-18 23:37:07,2017-05-18 23:37:07,46.85517,-119.61550,54,137,14722.14,"Ti=79/Te=24/P= 13181/V=7871"
2017-05-18 23:37:22,2017-05-18 23:37:22,46.85383,-119.61333,50,131,14766.65,"Ti=79/Te=24/P= 13090/V=7871"
2017-05-18 23:37:37,2017-05-18 23:37:37,46.85250,-119.61117,50,129,14809.93,"Ti=79/Te=24/P= 13001/V=7871"
2017-05-18 23:37:52,2017-05-18 23:37:52,46.85133,-119.60917,50,131,14852.60,"Ti=79/Te=25/P= 12913/V=7871"
2017-05-18 23:38:07,2017-05-18 23:38:07,46.85033,-119.60733,39,134,14900.45,"Ti=78/Te=24/P= 12834/V=7871"
2017-05-18 23:38:22,2017-05-18 23:38:22,46.84933,-119.60567,35,126,14947.09,"Ti=79/Te=25/P= 12748/V=7871"
2017-05-18 23:38:37,2017-05-18 23:38:37,46.84867,-119.60383,35,122,14990.67,"Ti=78/Te=25/P= 12667/V=7871"
2017-05-18 23:38:52,2017-05-18 23:38:52,46.84800,-119.60183,43,114,15034.26,"Ti=78/Te=24/P= 12582/V=7871"
2017-05-18 23:39:07,2017-05-18 23:39:07,46.84733,-119.59983,43,116,15079.98,"Ti=78/Te=25/P= 12493/V=7871"
2017-05-18 23:39:22,2017-05-18 23:39:22,46.84667,-119.59767,44,120,15127.53,"Ti=78/Te=25/P= 12392/V=7871"
2017-05-18 23:39:37,2017-05-18 23:39:37,46.84567,-119.59550,52,119,15176.30,"Ti=78/Te=25/P= 12310/V=7871"
2017-05-18 23:39:52,2017-05-18 23:39:52,46.84450,-119.59350,44,140,15227.20,"Ti=78/Te=25/P= 12205/V=7871"
2017-05-18 23:40:07,2017-05-18 23:40:07,46.84350,-119.59183,44,129,15279.32,"Ti=78/Te=25/P= 12119/V=7871"
2017-05-18 23:40:22,2017-05-18 23:40:22,46.84250,-119.59033,39,131,15333.27,"Ti=78/Te=25/P= 12036/V=7871"
2017-05-18 23:40:37,2017-05-18 23:40:37,46.84167,-119.58867,35,132,15386.30,"Ti=78/Te=25/P= 11930/V=7851"
2017-05-18 23:40:52,2017-05-18 23:40:52,46.84100,-119.58733,33,122,15438.73,"Ti=78/Te=25/P= 11827/V=7871"
2017-05-18 23:41:07,2017-05-18 23:41:07,46.84050,-119.58617,22,106,15494.51,"Ti=78/Te=25/P= 11743/V=7871"
2017-05-18 23:41:22,2017-05-18 23:41:22,46.84017,-119.58483,28,114,15541.45,"Ti=78/Te=26/P= 11657/V=7851"
2017-05-18 23:41:37,2017-05-18 23:41:37,46.83967,-119.58350,26,112,15587.17,"Ti=78/Te=26/P= 11569/V=7851"
2017-05-18 23:41:52,2017-05-18 23:41:52,46.83933,-119.58200,33,108,15632.28,"Ti=78/Te=26/P= 11498/V=7871"
2017-05-18 23:42:07,2017-05-18 23:42:07,46.83900,-119.58050,24,110,15676.78,"Ti=78/Te=26/P= 11407/V=7851"
2017-05-18 23:42:22,2017-05-18 23:42:22,46.83850,-119.57900,33,119,15720.06,"Ti=78/Te=26/P= 11320/V=7851"
2017-05-18 23:42:37,2017-05-18 23:42:37,46.83817,-119.57783,24,112,15767.00,"Ti=78/Te=26/P= 11243/V=7851"
2017-05-18 23:42:52,2017-05-18 23:42:52,46.83767,-119.57633,28,115,15813.33,"Ti=78/Te=27/P= 11171/V=7871"
2017-05-18 23:43:07,2017-05-18 23:43:07,46.83733,-119.57483,33,115,15861.49,"Ti=78/Te=27/P= 11103/V=7851"
2017-05-18 23:43:22,2017-05-18 23:43:22,46.83683,-119.57333,28,106,15910.56,"Ti=78/Te=26/P= 11024/V=7851"
2017-05-18 23:43:37,2017-05-18 23:43:37,46.83633,-119.57200,30,116,15959.33,"Ti=78/Te=27/P= 10931/V=7851"
2017-05-18 23:43:52,2017-05-18 23:43:52,46.83600,-119.57067,26,115,16007.49,"Ti=78/Te=26/P= 10856/V=7851"
2017-05-18 23:44:07,2017-05-18 23:44:07,46.83550,-119.56900,31,115,16057.78,"Ti=78/Te=27/P= 10777/V=7851"
2017-05-18 23:44:23,2017-05-18 23:44:23,46.83500,-119.56767,28,132,16111.42,"Ti=77/Te=27/P= 10698/V=7851"
2017-05-18 23:44:38,2017-05-18 23:44:38,46.83433,-119.56667,20,133,16169.03,"Ti=77/Te=27/P= 10585/V=7851"
2017-05-18 23:44:53,2017-05-18 23:44:53,46.83383,-119.56600,20,128,16223.59,"Ti=77/Te=26/P= 10479/V=7851"
2017-05-18 23:45:08,2017-05-18 23:45:08,46.83350,-119.56550,13,125,16272.05,"Ti=77/Te=27/P= 10401/V=7851"
2017-05-18 23:45:23,2017-05-18 23:45:23,46.83300,-119.56517,7,136,16320.21,"Ti=77/Te=27/P= 10331/V=7851"
2017-05-18 23:45:38,2017-05-18 23:45:38,46.83283,-119.56483,11,132,16366.24,"Ti=77/Te=28/P= 10260/V=7851"
2017-05-18 23:45:53,2017-05-18 23:45:53,46.83250,-119.56417,15,118,16411.96,"Ti=77/Te=27/P= 10183/V=7851"
2017-05-18 23:46:08,2017-05-18 23:46:08,46.83233,-119.56333,22,108,16458.29,"Ti=77/Te=28/P= 10117/V=7851"
2017-05-18 23:46:23,2017-05-18 23:46:23,46.83200,-119.56233,17,114,16503.70,"Ti=77/Te=28/P= 10047/V=7851"
2017-05-18 23:46:38,2017-05-18 23:46:38,46.83150,-119.56117,30,120,16550.64,"Ti=77/Te=28/P= 9987/V=7851"
2017-05-18 23:46:53,2017-05-18 23:46:53,46.83117,-119.56017,17,142,16599.41,"Ti=77/Te=28/P= 9916/V=7851"
2017-05-18 23:47:08,2017-05-18 23:47:08,46.83083,-119.55950,13,98,16644.82,"Ti=77/Te=28/P= 9830/V=7851"
2017-05-18 23:47:23,2017-05-18 23:47:23,46.83083,-119.55883,15,95,16691.76,"Ti=77/Te=28/P= 9756/V=7851"
2017-05-18 23:47:38,2017-05-18 23:47:38,46.83067,-119.55783,17,100,16738.09,"Ti=77/Te=28/P= 9695/V=7851"
2017-05-18 23:47:53,2017-05-18 23:47:53,46.83067,-119.55667,20,95,16786.86,"Ti=77/Te=28/P= 9635/V=7851"
2017-05-18 23:48:08,2017-05-18 23:48:08,46.83050,-119.55583,20,102,16835.63,"Ti=77/Te=28/P= 9564/V=7851"
2017-05-18 23:48:23,2017-05-18 23:48:23,46.83050,-119.55467,24,88,16886.83,"Ti=77/Te=28/P= 9487/V=7851"
2017-05-18 23:48:38,2017-05-18 23:48:38,46.83067,-119.55300,35,73,16940.17,"Ti=77/Te=28/P= 9423/V=7851"
2017-05-18 23:48:53,2017-05-18 23:48:53,46.83083,-119.55083,41,89,16993.82,"Ti=77/Te=28/P= 9356/V=7851"
2017-05-18 23:49:08,2017-05-18 23:49:08,46.83083,-119.54883,39,96,17047.16,"Ti=77/Te=28/P= 9272/V=7851"
2017-05-18 23:49:23,2017-05-18 23:49:23,46.83083,-119.54667,41,90,17098.37,"Ti=77/Te=28/P= 9190/V=7851"
2017-05-18 23:49:38,2017-05-18 23:49:38,46.83067,-119.54417,43,97,17149.88,"Ti=76/Te=28/P= 9122/V=7851"
2017-05-18 23:49:53,2017-05-18 23:49:53,46.83050,-119.54217,37,97,17202.61,"Ti=76/Te=28/P= 9059/V=7851"
2017-05-18 23:50:08,2017-05-18 23:50:08,46.83017,-119.54033,31,113,17251.38,"Ti=76/Te=29/P= 8993/V=7851"
2017-05-18 23:50:23,2017-05-18 23:50:23,46.82983,-119.53867,31,103,17298.01,"Ti=76/Te=29/P= 8927/V=7851"
2017-05-18 23:50:38,2017-05-18 23:50:38,46.82933,-119.53700,33,114,17345.86,"Ti=76/Te=29/P= 8856/V=7851"
2017-05-18 23:50:53,2017-05-18 23:50:53,46.82900,-119.53567,20,110,17394.02,"Ti=76/Te=29/P= 8788/V=7851"
2017-05-18 23:51:08,2017-05-18 23:51:08,46.82867,-119.53450,26,115,17441.88,"Ti=76/Te=30/P= 8719/V=7851"
2017-05-18 23:51:23,2017-05-18 23:51:23,46.82850,-119.53350,19,90,17487.29,"Ti=76/Te=30/P= 8660/V=7851"
2017-05-18 23:51:38,2017-05-18 23:51:38,46.82833,-119.53283,13,125,17535.75,"Ti=76/Te=30/P= 8601/V=7851"
2017-05-18 23:51:53,2017-05-18 23:51:53,46.82817,-119.53217,13,112,17579.95,"Ti=76/Te=29/P= 8546/V=7851"
2017-05-18 23:52:08,2017-05-18 23:52:08,46.82817,-119.53150,9,100,17625.97,"Ti=76/Te=30/P= 8490/V=7851"
2017-05-18 23:52:23,2017-05-18 23:52:23,46.82800,-119.53067,17,95,17672.61,"Ti=76/Te=30/P= 8438/V=7830"
2017-05-18 23:52:38,2017-05-18 23:52:38,46.82800,-119.52983,22,89,17719.55,"Ti=76/Te=30/P= 8383/V=7851"
2017-05-18 23:52:53,2017-05-18 23:52:53,46.82800,-119.52867,20,89,17768.62,"Ti=76/Te=30/P= 8312/V=7830"
2017-05-18 23:53:08,2017-05-18 23:53:08,46.82817,-119.52733,30,90,17815.86,"Ti=76/Te=30/P= 8247/V=7830"
2017-05-18 23:53:23,2017-05-18 23:53:23,46.82817,-119.52583,26,84,17866.77,"Ti=76/Te=31/P= 8187/V=7830"
2017-05-18 23:53:38,2017-05-18 23:53:38,46.82817,-119.52433,30,97,17916.14,"Ti=76/Te=31/P= 8133/V=7851"
2017-05-18 23:53:53,2017-05-18 23:53:53,46.82800,-119.52283,26,86,17966.44,"Ti=76/Te=31/P= 8077/V=7830"
2017-05-18 23:54:08,2017-05-18 23:54:08,46.82800,-119.52167,26,90,18015.20,"Ti=76/Te=31/P= 8025/V=7830"
2017-05-18 23:54:23,2017-05-18 23:54:23,46.82833,-119.52017,30,66,18066.72,"Ti=76/Te=31/P= 7961/V=7830"
2017-05-18 23:54:38,2017-05-18 23:54:38,46.82867,-119.51850,33,82,18114.87,"Ti=76/Te=32/P= 7895/V=7830"
2017-05-18 23:54:53,2017-05-18 23:54:53,46.82883,-119.51700,26,85,18166.69,"Ti=76/Te=31/P= 7840/V=7830"
2017-05-18 23:55:08,2017-05-18 23:55:08,46.82867,-119.51533,28,100,18216.37,"Ti=76/Te=31/P= 7781/V=7830"
2017-05-18 23:55:23,2017-05-18 23:55:23,46.82850,-119.51383,31,108,18269.10,"Ti=76/Te=32/P= 7721/V=7830"
2017-05-18 23:55:38,2017-05-18 23:55:38,46.82817,-119.51250,22,111,18320.00,"Ti=75/Te=32/P= 7662/V=7830"
2017-05-18 23:55:53,2017-05-18 23:55:53,46.82783,-119.51117,28,108,18369.69,"Ti=76/Te=32/P= 7594/V=7830"
2017-05-18 23:56:08,2017-05-18 23:56:08,46.82733,-119.50983,26,111,18419.98,"Ti=75/Te=32/P= 7547/V=7830"
2017-05-18 23:56:23,2017-05-18 23:56:23,46.82683,-119.50867,28,118,18469.05,"Ti=75/Te=32/P= 7495/V=7830"
2017-05-18 23:56:38,2017-05-18 23:56:38,46.82650,-119.50733,22,104,18519.65,"Ti=75/Te=32/P= 7445/V=7830"
2017-05-18 23:56:53,2017-05-18 23:56:53,46.82617,-119.50600,28,108,18567.20,"Ti=75/Te=32/P= 7399/V=7830"
2017-05-18 23:57:08,2017-05-18 23:57:08,46.82583,-119.50483,24,113,18616.27,"Ti=75/Te=32/P= 7346/V=7830"
2017-05-18 23:57:23,2017-05-18 23:57:23,46.82550,-119.50400,13,112,18665.04,"Ti=75/Te=32/P= 7289/V=7830"
2017-05-18 23:57:38,2017-05-18 23:57:38,46.82550,-119.50333,19,98,18715.63,"Ti=75/Te=32/P= 7235/V=7830"
2017-05-18 23:57:53,2017-05-18 23:57:53,46.82550,-119.50267,6,76,18763.79,"Ti=75/Te=32/P= 7185/V=7830"
2017-05-18 23:58:08,2017-05-18 23:58:08,46.82567,-119.50233,7,65,18812.56,"Ti=75/Te=32/P= 7139/V=7830"
2017-05-18 23:58:23,2017-05-18 23:58:23,46.82583,-119.50167,15,69,18862.55,"Ti=75/Te=32/P= 7091/V=7830"
2017-05-18 23:58:38,2017-05-18 23:58:38,46.82600,-119.50117,9,36,18911.01,"Ti=75/Te=32/P= 7034/V=7830"
2017-05-18 23:58:53,2017-05-18 23:58:53,46.82617,-119.50067,13,61,18963.13,"Ti=75/Te=32/P= 6971/V=7830"
2017-05-18 23:59:08,2017-05-18 23:59:08,46.82650,-119.50033,13,36,19015.56,"Ti=75/Te=32/P= 6918/V=7830"
2017-05-18 23:59:23,2017-05-18 23:59:23,46.82700,-119.49983,17,55,19066.15,"Ti=75/Te=32/P= 6864/V=7830"
2017-05-18 23:59:38,2017-05-18 23:59:38,46.82717,-119.49883,17,84,19117.97,"Ti=75/Te=32/P= 6811/V=7830"
2017-05-18 23:59:53,2017-05-18 23:59:53,46.82717,-119.49767,20,87,19165.82,"Ti=75/Te=32/P= 6761/V=7830"
2017-05-19 00:00:08,2017-05-19 00:00:08,46.82717,-119.49700,11,127,19216.12,"Ti=75/Te=33/P= 6716/V=7830"
2017-05-19 00:00:23,2017-05-19 00:00:23,46.82700,-119.49650,9,143,19268.24,"Ti=75/Te=33/P= 6668/V=7830"
2017-05-19 00:00:38,2017-05-19 00:00:38,46.82667,-119.49617,9,107,19320.97,"Ti=75/Te=33/P= 6626/V=7830"
2017-05-19 00:00:53,2017-05-19 00:00:53,46.82650,-119.49583,7,155,19375.22,"Ti=75/Te=33/P= 6575/V=7830"
2017-05-19 00:01:09,2017-05-19 00:01:09,46.82650,-119.49533,15,83,19428.87,"Ti=75/Te=33/P= 6524/V=7810"
2017-05-19 00:01:24,2017-05-19 00:01:24,46.82667,-119.49483,7,84,19479.16,"Ti=75/Te=33/P= 6475/V=7810"
2017-05-19 00:01:39,2017-05-19 00:01:39,46.82667,-119.49433,11,68,19529.45,"Ti=75/Te=34/P= 6426/V=7810"
2017-05-19 00:01:54,2017-05-19 00:01:54,46.82700,-119.49383,7,80,19578.83,"Ti=75/Te=34/P= 6368/V=7810"
2017-05-19 00:02:09,2017-05-19 00:02:09,46.82700,-119.49367,4,59,19618.15,"Ti=75/Te=34/P= 6320/V=7810"
2017-05-19 00:02:24,2017-05-19 00:02:24,46.82717,-119.49317,11,75,19666.92,"Ti=75/Te=34/P= 6279/V=7810"
2017-05-19 00:02:39,2017-05-19 00:02:39,46.82700,-119.49283,4,178,19725.74,"Ti=75/Te=34/P= 6228/V=7810"
2017-05-19 00:02:54,2017-05-19 00:02:54,46.82717,-119.49267,7,68,19776.64,"Ti=75/Te=34/P= 6188/V=7810"
2017-05-19 00:03:09,2017-05-19 00:03:24,46.82717,-119.49250,0,270,19861.07,"Ti=75/Te=34/P= 6102/V=7810"
2017-05-19 00:03:39,2017-05-19 00:03:39,46.82717,-119.49233,4,356,19904.96,"Ti=75/Te=34/P= 6063/V=7810"
2017-05-19 00:03:54,2017-05-19 00:03:54,46.82733,-119.49217,7,86,19967.14,"Ti=75/Te=34/P= 6028/V=7810"
2017-05-19 00:04:09,2017-05-19 00:04:09,46.82717,-119.49150,11,114,20022.62,"Ti=75/Te=34/P= 5981/V=7810"
2017-05-19 00:04:24,2017-05-19 00:04:24,46.82717,-119.49083,13,64,20075.35,"Ti=75/Te=35/P= 5930/V=7810"
2017-05-19 00:04:39,2017-05-19 00:04:39,46.82733,-119.49033,15,53,20122.29,"Ti=75/Te=35/P= 5884/V=7810"
2017-05-19 00:04:54,2017-05-19 00:04:54,46.82767,-119.48933,22,70,20170.75,"Ti=75/Te=35/P= 5846/V=7810"
2017-05-19 00:05:09,2017-05-19 00:05:09,46.82817,-119.48817,30,56,20215.86,"Ti=75/Te=35/P= 5808/V=7810"
2017-05-19 00:05:24,2017-05-19 00:05:24,46.82867,-119.48700,22,59,20263.71,"Ti=75/Te=35/P= 5773/V=7810"
2017-05-19 00:05:39,2017-05-19 00:05:39,46.82900,-119.48617,20,73,20312.18,"Ti=75/Te=36/P= 5735/V=7810"
2017-05-19 00:05:54,2017-05-19 00:05:54,46.82933,-119.48517,22,82,20361.86,"Ti=75/Te=36/P= 5703/V=7810"
2017-05-19 00:06:09,2017-05-19 00:06:09,46.82950,-119.48417,22,80,20410.93,"Ti=75/Te=36/P= 5667/V=7810"
2017-05-19 00:06:24,2017-05-19 00:06:24,46.82967,-119.48317,20,64,20461.22,"Ti=75/Te=36/P= 5628/V=7810"
2017-05-19 00:06:39,2017-05-19 00:06:39,46.83000,-119.48250,20,57,20516.39,"Ti=75/Te=36/P= 5575/V=7790"
2017-05-19 00:06:54,2017-05-19 00:06:54,46.83067,-119.48167,22,43,20567.29,"Ti=75/Te=36/P= 5529/V=7810"
2017-05-19 00:07:09,2017-05-19 00:07:09,46.83133,-119.48100,24,34,20617.89,"Ti=75/Te=36/P= 5493/V=7810"
2017-05-19 00:07:24,2017-05-19 00:07:24,46.83200,-119.48000,24,56,20669.71,"Ti=74/Te=36/P= 5455/V=7810"
2017-05-19 00:07:39,2017-05-19 00:07:39,46.83250,-119.47900,22,56,20717.26,"Ti=75/Te=36/P= 5416/V=7790"
2017-05-19 00:07:54,2017-05-19 00:07:54,46.83283,-119.47783,24,74,20763.59,"Ti=75/Te=36/P= 5384/V=7810"
2017-05-19 00:08:09,2017-05-19 00:08:09,46.83300,-119.47633,28,85,20811.13,"Ti=75/Te=37/P= 5353/V=7790"
2017-05-19 00:08:24,2017-05-19 00:08:24,46.83300,-119.47533,17,118,20856.85,"Ti=75/Te=37/P= 5319/V=7790"
2017-05-19 00:08:39,2017-05-19 00:08:39,46.83283,-119.47450,17,114,20905.32,"Ti=75/Te=37/P= 5279/V=7790"
2017-05-19 00:08:54,2017-05-19 00:08:54,46.83267,-119.47367,15,114,20954.09,"Ti=74/Te=37/P= 5243/V=7790"
2017-05-19 00:09:09,2017-05-19 00:09:09,46.83233,-119.47317,11,171,21007.12,"Ti=75/Te=37/P= 5204/V=7790"
2017-05-19 00:09:24,2017-05-19 00:09:39,46.83217,-119.47317,6,358,21087.89,"Ti=75/Te=37/P= 5131/V=7790"
2017-05-19 00:09:54,2017-05-19 00:09:54,46.83233,-119.47317,7,354,21129.35,"Ti=75/Te=38/P= 5094/V=7790"
2017-05-19 00:10:09,2017-05-19 00:10:09,46.83267,-119.47350,7,341,21206.76,"Ti=75/Te=38/P= 5057/V=7790"
2017-05-19 00:10:24,2017-05-19 00:10:24,46.83283,-119.47383,11,335,21272.30,"Ti=74/Te=38/P= 5018/V=7790"
2017-05-19 00:10:39,2017-05-19 00:10:39,46.83317,-119.47383,4,46,21330.82,"Ti=75/Te=38/P= 4979/V=7790"
2017-05-19 00:10:54,2017-05-19 00:10:54,46.83333,-119.47350,11,84,21385.99,"Ti=74/Te=39/P= 4937/V=7790"
2017-05-19 00:11:09,2017-05-19 00:11:24,46.83333,-119.47317,4,195,21500.90,"Ti=75/Te=39/P= 4864/V=7790"
2017-05-19 00:11:39,2017-05-19 00:11:39,46.83350,-119.47300,7,36,21545.70,"Ti=75/Te=39/P= 4827/V=7790"
2017-05-19 00:11:54,2017-05-19 00:11:54,46.83383,-119.47267,17,34,21606.66,"Ti=74/Te=39/P= 4789/V=7790"
2017-05-19 00:12:09,2017-05-19 00:12:09,46.83417,-119.47183,24,55,21663.05,"Ti=75/Te=40/P= 4742/V=7790"
2017-05-19 00:12:24,2017-05-19 00:12:24,46.83450,-119.47100,15,73,21719.13,"Ti=75/Te=40/P= 4693/V=7790"
2017-05-19 00:12:39,2017-05-19 00:12:39,46.83450,-119.47017,15,108,21768.82,"Ti=75/Te=40/P= 4654/V=7790"
2017-05-19 00:12:54,2017-05-19 00:12:54,46.83433,-119.46933,17,109,21815.45,"Ti=75/Te=40/P= 4626/V=7790"
2017-05-19 00:13:09,2017-05-19 00:13:09,46.83417,-119.46900,7,114,21862.69,"Ti=75/Te=40/P= 4597/V=7790"
2017-05-19 00:13:24,2017-05-19 00:13:24,46.83400,-119.46867,7,170,21910.24,"Ti=75/Te=40/P= 4567/V=7790"
2017-05-19 00:13:39,2017-05-19 00:13:39,46.83383,-119.46850,2,48,21955.66,"Ti=75/Te=40/P= 4536/V=7790"
2017-05-19 00:13:54,2017-05-19 00:13:54,46.83400,-119.46850,9,38,21988.27,"Ti=75/Te=40/P= 4504/V=7790"
2017-05-19 00:14:09,2017-05-19 00:14:09,46.83433,-119.46817,6,64,22046.79,"Ti=75/Te=40/P= 4472/V=7790"
2017-05-19 00:14:24,2017-05-19 00:14:24,46.83450,-119.46800,6,24,22103.79,"Ti=75/Te=41/P= 4443/V=7790"
2017-05-19 00:14:39,2017-05-19 00:14:39,46.83483,-119.46783,11,26,22160.48,"Ti=75/Te=41/P= 4410/V=7790"
2017-05-19 00:14:54,2017-05-19 00:14:54,46.83500,-119.46750,7,73,22215.96,"Ti=75/Te=41/P= 4379/V=7790"
2017-05-19 00:15:09,2017-05-19 00:15:09,46.83517,-119.46717,11,73,22271.43,"Ti=75/Te=41/P= 4348/V=7790"
2017-05-19 00:15:24,2017-05-19 00:15:24,46.83550,-119.46633,20,51,22324.77,"Ti=75/Te=41/P= 4317/V=7790"
2017-05-19 00:15:39,2017-05-19 00:15:39,46.83583,-119.46550,24,68,22380.85,"Ti=75/Te=41/P= 4285/V=7790"
2017-05-19 00:15:54,2017-05-19 00:15:54,46.83600,-119.46417,22,84,22439.38,"Ti=75/Te=42/P= 4252/V=7790"
2017-05-19 00:16:09,2017-05-19 00:16:09,46.83617,-119.46317,24,71,22496.98,"Ti=75/Te=42/P= 4220/V=7790"
2017-05-19 00:16:24,2017-05-19 00:16:24,46.83633,-119.46183,24,80,22559.47,"Ti=75/Te=42/P= 4187/V=7790"
2017-05-19 00:16:39,2017-05-19 00:16:39,46.83617,-119.46067,22,108,22622.26,"Ti=75/Te=42/P= 4153/V=7790"
2017-05-19 00:16:54,2017-05-19 00:16:54,46.83600,-119.45950,19,97,22683.22,"Ti=75/Te=42/P= 4120/V=7770"
2017-05-19 00:17:09,2017-05-19 00:17:09,46.83583,-119.45867,15,118,22741.13,"Ti=75/Te=42/P= 4088/V=7770"
2017-05-19 00:17:24,2017-05-19 00:17:24,46.83533,-119.45833,15,153,22795.99,"Ti=75/Te=42/P= 4058/V=7770"
2017-05-19 00:17:39,2017-05-19 00:17:39,46.83500,-119.45783,17,151,22847.81,"Ti=75/Te=42/P= 4026/V=7770"
2017-05-19 00:17:54,2017-05-19 00:17:54,46.83467,-119.45717,19,115,22898.10,"Ti=75/Te=42/P= 3999/V=7770"
2017-05-19 00:18:10,2017-05-19 00:18:10,46.83400,-119.45650,19,169,22951.14,"Ti=75/Te=43/P= 3975/V=7790"
2017-05-19 00:18:25,2017-05-19 00:18:25,46.83350,-119.45650,17,177,22997.46,"Ti=75/Te=42/P= 3949/V=7790"
2017-05-19 00:18:40,2017-05-19 00:18:40,46.83300,-119.45667,11,200,23045.62,"Ti=75/Te=43/P= 3925/V=7790"
2017-05-19 00:18:55,2017-05-19 00:18:55,46.83267,-119.45700,7,224,23092.56,"Ti=75/Te=43/P= 3903/V=7790"
2017-05-19 00:19:10,2017-05-19 00:19:10,46.83233,-119.45717,9,182,23139.50,"Ti=75/Te=42/P= 3883/V=7790"
2017-05-19 00:19:25,2017-05-19 00:19:25,46.83217,-119.45683,9,120,23184.00,"Ti=75/Te=43/P= 3862/V=7790"
2017-05-19 00:19:40,2017-05-19 00:19:40,46.83217,-119.45650,2,112,23228.20,"Ti=75/Te=44/P= 3837/V=7790"
2017-05-19 00:19:55,2017-05-19 00:20:10,46.83200,-119.45650,0,325,23306.53,"Ti=75/Te=44/P= 3768/V=7790"
2017-05-19 00:20:25,2017-05-19 00:20:25,46.83233,-119.45650,4,9,23358.04,"Ti=75/Te=44/P= 3736/V=7790"
2017-05-19 00:20:40,2017-05-19 00:20:40,46.83250,-119.45633,11,20,23424.49,"Ti=75/Te=44/P= 3707/V=7770"
2017-05-19 00:20:55,2017-05-19 00:20:55,46.83283,-119.45617,13,6,23486.06,"Ti=75/Te=44/P= 3683/V=7790"
2017-05-19 00:21:10,2017-05-19 00:21:10,46.83317,-119.45600,9,23,23544.89,"Ti=75/Te=44/P= 3658/V=7790"
2017-05-19 00:21:25,2017-05-19 00:21:25,46.83367,-119.45567,17,37,23603.10,"Ti=76/Te=44/P= 3632/V=7790"
2017-05-19 00:21:40,2017-05-19 00:21:40,46.83433,-119.45483,24,45,23661.62,"Ti=75/Te=44/P= 3604/V=7790"
2017-05-19 00:21:55,2017-05-19 00:21:55,46.83500,-119.45400,24,47,23717.40,"Ti=75/Te=45/P= 3577/V=7770"
2017-05-19 00:22:10,2017-05-19 00:22:10,46.83550,-119.45350,20,40,23775.62,"Ti=75/Te=45/P= 3552/V=7770"
2017-05-19 00:22:25,2017-05-19 00:22:25,46.83583,-119.45267,19,53,23833.23,"Ti=75/Te=45/P= 3530/V=7770"
2017-05-19 00:22:40,2017-05-19 00:22:40,46.83617,-119.45183,19,74,23890.22,"Ti=76/Te=45/P= 3507/V=7770"
2017-05-19 00:22:55,2017-05-19 00:22:55,46.83633,-119.45083,22,77,23944.48,"Ti=75/Te=45/P= 3484/V=7770"
2017-05-19 00:23:10,2017-05-19 00:23:10,46.83667,-119.44967,26,69,23996.90,"Ti=76/Te=45/P= 3461/V=7770"
2017-05-19 00:23:25,2017-05-19 00:23:25,46.83700,-119.44850,20,71,24049.33,"Ti=76/Te=45/P= 3437/V=7770"
2017-05-19 00:23:40,2017-05-19 00:23:40,46.83700,-119.44733,22,80,24100.23,"Ti=76/Te=45/P= 3410/V=7770"
2017-05-19 00:23:55,2017-05-19 00:23:55,46.83717,-119.44617,20,89,24151.74,"Ti=76/Te=46/P= 3380/V=7770"
2017-05-19 00:24:10,2017-05-19 00:24:10,46.83717,-119.44517,20,95,24201.12,"Ti=76/Te=46/P= 3349/V=7770"
2017-05-19 00:24:25,2017-05-19 00:24:25,46.83717,-119.44433,13,92,24252.94,"Ti=76/Te=46/P= 3327/V=7770"
2017-05-19 00:24:40,2017-05-19 00:24:40,46.83700,-119.44367,9,114,24305.36,"Ti=76/Te=46/P= 3305/V=7770"
2017-05-19 00:24:55,2017-05-19 00:24:55,46.83667,-119.44317,15,135,24359.01,"Ti=76/Te=46/P= 3283/V=7770"
2017-05-19 00:25:10,2017-05-19 00:25:10,46.83650,-119.44283,9,131,24415.09,"Ti=76/Te=46/P= 3261/V=7770"
2017-05-19 00:25:25,2017-05-19 00:25:25,46.83633,-119.44283,6,271,24462.03,"Ti=76/Te=46/P= 3237/V=7770"
2017-05-19 00:25:40,2017-05-19 00:25:40,46.83633,-119.44300,6,268,24529.39,"Ti=76/Te=46/P= 3214/V=7770"
2017-05-19 00:25:55,2017-05-19 00:26:10,46.83617,-119.44333,4,104,24657.10,"Ti=76/Te=47/P= 3167/V=7770"
2017-05-19 00:26:25,2017-05-19 00:26:25,46.83633,-119.44300,7,48,24722.02,"Ti=76/Te=47/P= 3139/V=7770"
2017-05-19 00:26:40,2017-05-19 00:26:40,46.83683,-119.44267,24,24,24786.03,"Ti=76/Te=47/P= 3108/V=7770"
2017-05-19 00:26:55,2017-05-19 00:26:55,46.83750,-119.44233,20,40,24847.30,"Ti=76/Te=47/P= 3084/V=7770"
2017-05-19 00:27:10,2017-05-19 00:27:10,46.83783,-119.44167,9,50,24906.43,"Ti=76/Te=48/P= 3059/V=7770"
2017-05-19 00:27:25,2017-05-19 00:27:25,46.83800,-119.44117,6,46,24961.90,"Ti=76/Te=48/P= 3038/V=7770"
2017-05-19 00:27:40,2017-05-19 00:27:40,46.83833,-119.44100,13,20,25015.85,"Ti=77/Te=48/P= 3015/V=7770"
2017-05-19 00:27:55,2017-05-19 00:27:55,46.83883,-119.44083,13,21,25069.80,"Ti=76/Te=48/P= 2995/V=7750"
2017-05-19 00:28:10,2017-05-19 00:28:10,46.83900,-119.44050,11,43,25123.75,"Ti=77/Te=48/P= 2976/V=7750"
2017-05-19 00:28:25,2017-05-19 00:28:25,46.83933,-119.44000,11,35,25173.74,"Ti=77/Te=48/P= 2959/V=7750"
2017-05-19 00:28:40,2017-05-19 00:28:40,46.83983,-119.43967,11,31,25224.64,"Ti=77/Te=48/P= 2940/V=7750"
2017-05-19 00:28:55,2017-05-19 00:28:55,46.84033,-119.43917,19,48,25278.89,"Ti=77/Te=48/P= 2918/V=7770"
2017-05-19 00:29:10,2017-05-19 00:29:10,46.84050,-119.43833,17,63,25333.76,"Ti=77/Te=48/P= 2897/V=7750"
2017-05-19 00:29:25,2017-05-19 00:29:25,46.84067,-119.43767,15,67,25389.54,"Ti=77/Te=49/P= 2877/V=7750"
2017-05-19 00:29:40,2017-05-19 00:29:40,46.84083,-119.43667,22,97,25448.36,"Ti=77/Te=48/P= 2857/V=7750"
2017-05-19 00:29:55,2017-05-19 00:29:55,46.84083,-119.43533,26,97,25511.46,"Ti=77/Te=49/P= 2835/V=7750"
2017-05-19 00:30:10,2017-05-19 00:30:10,46.84067,-119.43400,22,105,25573.94,"Ti=77/Te=49/P= 2813/V=7750"
2017-05-19 00:30:25,2017-05-19 00:30:25,46.84050,-119.43300,20,89,25637.03,"Ti=77/Te=49/P= 2789/V=7750"
2017-05-19 00:30:40,2017-05-19 00:30:40,46.84050,-119.43150,26,91,25702.26,"Ti=77/Te=49/P= 2765/V=7750"
2017-05-19 00:30:55,2017-05-19 00:30:55,46.84017,-119.42983,35,105,25769.01,"Ti=77/Te=49/P= 2743/V=7750"
2017-05-19 00:31:10,2017-05-19 00:31:10,46.83983,-119.42817,35,108,25833.32,"Ti=77/Te=49/P= 2723/V=7750"
2017-05-19 00:31:25,2017-05-19 00:31:25,46.83967,-119.42650,30,107,25893.06,"Ti=77/Te=50/P= 2704/V=7750"
2017-05-19 00:31:40,2017-05-19 00:31:40,46.83933,-119.42500,31,111,25952.20,"Ti=77/Te=50/P= 2682/V=7750"
2017-05-19 00:31:55,2017-05-19 00:31:55,46.83900,-119.42350,26,106,26010.41,"Ti=77/Te=50/P= 2661/V=7750"
2017-05-19 00:32:10,2017-05-19 00:32:10,46.83850,-119.42233,26,122,26065.28,"Ti=77/Te=50/P= 2643/V=7750"
2017-05-19 00:32:25,2017-05-19 00:32:25,46.83783,-119.42100,28,120,26119.23,"Ti=77/Te=50/P= 2626/V=7750"
2017-05-19 00:32:40,2017-05-19 00:32:40,46.83733,-119.41967,28,122,26170.74,"Ti=77/Te=50/P= 2607/V=7750"
2017-05-19 00:32:55,2017-05-19 00:32:55,46.83700,-119.41817,24,112,26222.86,"Ti=77/Te=50/P= 2593/V=7750"
2017-05-19 00:33:10,2017-05-19 00:33:10,46.83683,-119.41700,22,105,26273.76,"Ti=77/Te=51/P= 2575/V=7750"
2017-05-19 00:33:25,2017-05-19 00:33:25,46.83683,-119.41567,31,91,26325.88,"Ti=77/Te=51/P= 2558/V=7750"
2017-05-19 00:33:40,2017-05-19 00:33:40,46.83683,-119.41400,35,88,26377.70,"Ti=77/Te=51/P= 2543/V=7750"
2017-05-19 00:33:55,2017-05-19 00:33:55,46.83667,-119.41250,30,97,26430.12,"Ti=77/Te=51/P= 2528/V=7750"
2017-05-19 00:34:10,2017-05-19 00:34:10,46.83650,-119.41117,26,100,26485.29,"Ti=78/Te=51/P= 2512/V=7750"
2017-05-19 00:34:25,2017-05-19 00:34:25,46.83650,-119.41000,17,102,26541.07,"Ti=77/Te=51/P= 2495/V=7750"
2017-05-19 00:34:41,2017-05-19 00:34:41,46.83633,-119.40867,24,86,26600.51,"Ti=78/Te=51/P= 2479/V=7750"
2017-05-19 00:34:56,2017-05-19 00:34:56,46.83633,-119.40733,22,96,26655.37,"Ti=78/Te=52/P= 2460/V=7750"
2017-05-19 00:35:11,2017-05-19 00:35:11,46.83617,-119.40567,33,104,26710.54,"Ti=78/Te=52/P= 2442/V=7750"
2017-05-19 00:35:26,2017-05-19 00:35:26,46.83583,-119.40433,30,104,26768.15,"Ti=78/Te=52/P= 2427/V=7750"
2017-05-19 00:35:41,2017-05-19 00:35:41,46.83550,-119.40300,28,105,26826.06,"Ti=78/Te=52/P= 2412/V=7750"
2017-05-19 00:35:56,2017-05-19 00:35:56,46.83533,-119.40167,28,92,26883.06,"Ti=78/Te=52/P= 2398/V=7750"
2017-05-19 00:36:11,2017-05-19 00:36:11,46.83550,-119.40050,20,80,26937.61,"Ti=78/Te=52/P= 2385/V=7750"
2017-05-19 00:36:26,2017-05-19 00:36:26,46.83550,-119.39917,20,90,26994.31,"Ti=78/Te=52/P= 2372/V=7750"
2017-05-19 00:36:41,2017-05-19 00:36:41,46.83533,-119.39783,22,115,27050.39,"Ti=78/Te=53/P= 2357/V=7750"
2017-05-19 00:36:56,2017-05-19 00:36:56,46.83500,-119.39667,20,103,27106.78,"Ti=78/Te=52/P= 2341/V=7750"
2017-05-19 00:37:11,2017-05-19 00:37:11,46.83500,-119.39533,28,87,27164.39,"Ti=78/Te=53/P= 2324/V=7750"
2017-05-19 00:37:26,2017-05-19 00:37:26,46.83517,-119.39400,28,89,27222.60,"Ti=78/Te=53/P= 2307/V=7750"
2017-05-19 00:37:41,2017-05-19 00:37:41,46.83533,-119.39267,30,73,27279.60,"Ti=78/Te=53/P= 2291/V=7750"
2017-05-19 00:37:56,2017-05-19 00:37:56,46.83583,-119.39117,33,69,27335.38,"Ti=78/Te=53/P= 2275/V=7750"
2017-05-19 00:38:11,2017-05-19 00:38:11,46.83617,-119.38967,26,70,27390.24,"Ti=78/Te=53/P= 2261/V=7750"
2017-05-19 00:38:26,2017-05-19 00:38:26,46.83650,-119.38833,22,76,27447.54,"Ti=78/Te=53/P= 2245/V=7750"
2017-05-19 00:38:41,2017-05-19 00:38:41,46.83667,-119.38683,30,89,27506.37,"Ti=78/Te=53/P= 2229/V=7730"
2017-05-19 00:38:56,2017-05-19 00:38:56,46.83683,-119.38517,28,89,27560.93,"Ti=78/Te=53/P= 2213/V=7750"
2017-05-19 00:39:11,2017-05-19 00:39:11,46.83683,-119.38333,28,96,27614.27,"Ti=78/Te=53/P= 2198/V=7730"
2017-05-19 00:39:26,2017-05-19 00:39:26,46.83667,-119.38183,33,96,27668.83,"Ti=78/Te=53/P= 2184/V=7730"
2017-05-19 00:39:41,2017-05-19 00:39:41,46.83633,-119.38033,35,104,27724.00,"Ti=78/Te=53/P= 2172/V=7730"
2017-05-19 00:39:56,2017-05-19 00:39:56,46.83567,-119.37850,39,117,27779.78,"Ti=78/Te=53/P= 2158/V=7730"
2017-05-19 00:40:11,2017-05-19 00:40:11,46.83500,-119.37700,35,115,27833.73,"Ti=78/Te=54/P= 2145/V=7730"
2017-05-19 00:40:26,2017-05-19 00:40:26,46.83450,-119.37550,35,110,27888.90,"Ti=78/Te=54/P= 2135/V=7730"
2017-05-19 00:40:41,2017-05-19 00:40:41,46.83400,-119.37383,33,102,27943.76,"Ti=78/Te=54/P= 2122/V=7730"
2017-05-19 00:40:56,2017-05-19 00:40:56,46.83383,-119.37217,33,92,28001.06,"Ti=78/Te=54/P= 2110/V=7730"
2017-05-19 00:41:11,2017-05-19 00:41:11,46.83400,-119.37033,39,84,28058.36,"Ti=78/Te=54/P= 2097/V=7730"
2017-05-19 00:41:26,2017-05-19 00:41:26,46.83417,-119.36833,43,81,28113.53,"Ti=78/Te=54/P= 2084/V=7730"
2017-05-19 00:41:41,2017-05-19 00:41:41,46.83417,-119.36633,43,92,28172.36,"Ti=78/Te=54/P= 2069/V=7730"
2017-05-19 00:41:56,2017-05-19 00:41:56,46.83383,-119.36433,39,106,28227.83,"Ti=78/Te=54/P= 2056/V=7730"
2017-05-19 00:42:11,2017-05-19 00:42:11,46.83317,-119.36250,39,113,28279.95,"Ti=78/Te=54/P= 2044/V=7730"
2017-05-19 00:42:26,2017-05-19 00:42:26,46.83250,-119.36100,37,113,28331.46,"Ti=78/Te=54/P= 2032/V=7730"
2017-05-19 00:42:41,2017-05-19 00:42:41,46.83183,-119.35933,35,112,28379.01,"Ti=78/Te=54/P= 2021/V=7730"
2017-05-19 00:42:56,2017-05-19 00:42:56,46.83117,-119.35783,30,112,28425.04,"Ti=78/Te=54/P= 2012/V=7730"
2017-05-19 00:43:11,2017-05-19 00:43:11,46.83067,-119.35633,30,112,28470.15,"Ti=78/Te=54/P= 2000/V=7730"
2017-05-19 00:43:26,2017-05-19 00:43:26,46.83017,-119.35500,26,110,28514.65,"Ti=78/Te=54/P= 1991/V=7730"
2017-05-19 00:43:41,2017-05-19 00:43:41,46.82983,-119.35383,26,112,28558.54,"Ti=78/Te=54/P= 1980/V=7730"
2017-05-19 00:43:56,2017-05-19 00:43:56,46.82933,-119.35267,22,108,28600.91,"Ti=78/Te=54/P= 1971/V=7730"
2017-05-19 00:44:11,2017-05-19 00:44:11,46.82883,-119.35150,26,101,28646.02,"Ti=78/Te=54/P= 1961/V=7730"
2017-05-19 00:44:26,2017-05-19 00:44:26,46.82850,-119.35017,24,103,28691.13,"Ti=78/Te=55/P= 1952/V=7730"
2017-05-19 00:44:41,2017-05-19 00:44:41,46.82833,-119.34883,26,97,28740.20,"Ti=78/Te=55/P= 1944/V=7730"
2017-05-19 00:44:56,2017-05-19 00:44:56,46.82817,-119.34733,31,96,28788.97,"Ti=78/Te=55/P= 1934/V=7730"
2017-05-19 00:45:11,2017-05-19 00:45:11,46.82800,-119.34567,33,91,28838.96,"Ti=78/Te=55/P= 1924/V=7730"
2017-05-19 00:45:26,2017-05-19 00:45:26,46.82783,-119.34417,28,91,28890.16,"Ti=78/Te=55/P= 1917/V=7730"
2017-05-19 00:45:41,2017-05-19 00:45:41,46.82767,-119.34250,28,109,28946.25,"Ti=78/Te=55/P= 1908/V=7730"
2017-05-19 00:45:56,2017-05-19 00:45:56,46.82750,-119.34083,37,99,29003.24,"Ti=78/Te=55/P= 1900/V=7730"
2017-05-19 00:46:11,2017-05-19 00:46:11,46.82717,-119.33900,37,93,29059.94,"Ti=78/Te=55/P= 1891/V=7730"
2017-05-19 00:46:26,2017-05-19 00:46:26,46.82700,-119.33700,31,104,29123.34,"Ti=78/Te=55/P= 1879/V=7730"
2017-05-19 00:46:41,2017-05-19 00:46:41,46.82667,-119.33517,35,114,29181.25,"Ti=78/Te=55/P= 1870/V=7730"
2017-05-19 00:46:56,2017-05-19 00:46:56,46.82633,-119.33350,35,108,29235.50,"Ti=78/Te=55/P= 1861/V=7730"
2017-05-19 00:47:11,2017-05-19 00:47:11,46.82583,-119.33217,33,106,29287.93,"Ti=78/Te=55/P= 1853/V=7714"
2017-05-19 00:47:26,2017-05-19 00:47:26,46.82533,-119.33067,24,117,29338.83,"Ti=78/Te=55/P= 1843/V=7714"
2017-05-19 00:47:41,2017-05-19 00:47:41,46.82500,-119.32917,30,124,29387.90,"Ti=78/Te=55/P= 1834/V=7714"
2017-05-19 00:47:56,2017-05-19 00:47:56,46.82450,-119.32783,33,120,29433.93,"Ti=78/Te=55/P= 1823/V=7714"
2017-05-19 00:48:11,2017-05-19 00:48:11,46.82400,-119.32667,24,109,29476.29,"Ti=78/Te=55/P= 1815/V=7714"
2017-05-19 00:48:26,2017-05-19 00:48:26,46.82367,-119.32567,13,122,29517.44,"Ti=78/Te=55/P= 1805/V=7714"
2017-05-19 00:48:41,2017-05-19 00:48:41,46.82333,-119.32500,17,119,29559.20,"Ti=78/Te=55/P= 1796/V=7714"
2017-05-19 00:48:56,2017-05-19 00:48:56,46.82300,-119.32400,26,129,29604.31,"Ti=78/Te=55/P= 1786/V=7714"
2017-05-19 00:49:11,2017-05-19 00:49:11,46.82233,-119.32283,28,115,29650.03,"Ti=78/Te=55/P= 1778/V=7714"
2017-05-19 00:49:26,2017-05-19 00:49:26,46.82167,-119.32150,33,124,29695.14,"Ti=78/Te=55/P= 1769/V=7714"
2017-05-19 00:49:41,2017-05-19 00:49:41,46.82083,-119.31983,37,136,29742.08,"Ti=78/Te=56/P= 1759/V=7714"
2017-05-19 00:49:56,2017-05-19 00:49:56,46.82000,-119.31817,43,126,29794.50,"Ti=78/Te=56/P= 1748/V=7714"
2017-05-19 00:50:11,2017-05-19 00:50:11,46.81900,-119.31667,35,128,29850.28,"Ti=78/Te=56/P= 1739/V=7714"
2017-05-19 00:50:26,2017-05-19 00:50:26,46.81800,-119.31517,35,147,29911.55,"Ti=78/Te=56/P= 1728/V=7714"
2017-05-19 00:50:41,2017-05-19 00:50:41,46.81717,-119.31400,30,143,29972.81,"Ti=78/Te=56/P= 1718/V=7714"
2017-05-19 00:50:56,2017-05-19 00:50:56,46.81650,-119.31317,24,140,30032.86,"Ti=78/Te=56/P= 1707/V=7714"
2017-05-19 00:51:11,2017-05-19 00:51:11,46.81567,-119.31250,28,141,30093.82,"Ti=78/Te=56/P= 1697/V=7714"
2017-05-19 00:51:27,2017-05-19 00:51:27,46.81467,-119.31167,26,160,30157.22,"Ti=78/Te=56/P= 1685/V=7714"
2017-05-19 00:51:42,2017-05-19 00:51:42,46.81367,-119.31117,31,161,30212.69,"Ti=78/Te=56/P= 1673/V=7714"
2017-05-19 00:51:57,2017-05-19 00:51:57,46.81283,-119.31083,20,155,30265.42,"Ti=78/Te=56/P= 1662/V=7714"
2017-05-19 00:52:12,2017-05-19 00:52:12,46.81217,-119.31050,17,153,30317.54,"Ti=78/Te=57/P= 1651/V=7714"
2017-05-19 00:52:27,2017-05-19 00:52:27,46.81150,-119.31033,13,142,30366.61,"Ti=78/Te=57/P= 1641/V=7714"
2017-05-19 00:52:42,2017-05-19 00:52:42,46.81117,-119.30983,13,149,30412.03,"Ti=78/Te=57/P= 1632/V=7714"
2017-05-19 00:52:57,2017-05-19 00:52:57,46.81100,-119.30933,15,133,30455.31,"Ti=78/Te=57/P= 1624/V=7714"
2017-05-19 00:53:12,2017-05-19 00:53:12,46.81067,-119.30867,19,102,30500.42,"Ti=78/Te=57/P= 1614/V=7714"
2017-05-19 00:53:27,2017-05-19 00:53:27,46.81033,-119.30783,17,114,30542.18,"Ti=78/Te=57/P= 1607/V=7714"
2017-05-19 00:53:42,2017-05-19 00:53:42,46.81033,-119.30667,22,92,30581.80,"Ti=78/Te=57/P= 1600/V=7714"
2017-05-19 00:53:57,2017-05-19 00:53:57,46.81033,-119.30550,17,81,30622.95,"Ti=78/Te=57/P= 1592/V=7714"
2017-05-19 00:54:12,2017-05-19 00:54:12,46.81033,-119.30467,19,115,30665.62,"Ti=78/Te=57/P= 1585/V=7714"
2017-05-19 00:54:27,2017-05-19 00:54:27,46.81017,-119.30400,17,82,30707.99,"Ti=78/Te=57/P= 1576/V=7714"
2017-05-19 00:54:42,2017-05-19 00:54:42,46.81000,-119.30300,13,119,30749.75,"Ti=78/Te=58/P= 1570/V=7714"
2017-05-19 00:54:57,2017-05-19 00:54:57,46.80983,-119.30250,19,125,30795.77,"Ti=79/Te=57/P= 1563/V=7714"
2017-05-19 00:55:12,2017-05-19 00:55:12,46.80950,-119.30200,6,127,30844.24,"Ti=79/Te=57/P= 1553/V=7714"
2017-05-19 00:55:27,2017-05-19 00:55:27,46.80933,-119.30133,15,118,30889.65,"Ti=78/Te=58/P= 1544/V=7714"
2017-05-19 00:55:42,2017-05-19 00:55:42,46.80900,-119.30067,20,113,30938.42,"Ti=79/Te=58/P= 1537/V=7714"
2017-05-19 00:55:57,2017-05-19 00:55:57,46.80883,-119.29967,17,109,30989.32,"Ti=79/Te=57/P= 1527/V=7714"
2017-05-19 00:56:12,2017-05-19 00:56:12,46.80850,-119.29850,24,107,31041.44,"Ti=79/Te=58/P= 1517/V=7714"
2017-05-19 00:56:27,2017-05-19 00:56:27,46.80833,-119.29750,20,122,31092.95,"Ti=79/Te=58/P= 1510/V=7693"
2017-05-19 00:56:42,2017-05-19 00:56:42,46.80800,-119.29633,19,99,31145.68,"Ti=79/Te=58/P= 1500/V=7693"
2017-05-19 00:56:57,2017-05-19 00:56:57,46.80783,-119.29533,26,97,31202.07,"Ti=79/Te=58/P= 1492/V=7714"
2017-05-19 00:57:12,2017-05-19 00:57:12,46.80783,-119.29400,22,84,31256.02,"Ti=79/Te=58/P= 1484/V=7714"
2017-05-19 00:57:27,2017-05-19 00:57:27,46.80783,-119.29267,28,96,31311.80,"Ti=79/Te=58/P= 1475/V=7693"
2017-05-19 00:57:42,2017-05-19 00:57:42,46.80767,-119.29133,20,110,31366.66,"Ti=79/Te=58/P= 1469/V=7693"
2017-05-19 00:57:57,2017-05-19 00:57:57,46.80733,-119.29000,28,106,31418.48,"Ti=79/Te=58/P= 1462/V=7693"
2017-05-19 00:58:12,2017-05-19 00:58:12,46.80700,-119.28900,24,119,31470.90,"Ti=79/Te=58/P= 1454/V=7693"
2017-05-19 00:58:27,2017-05-19 00:58:27,46.80683,-119.28750,30,92,31520.28,"Ti=79/Te=58/P= 1448/V=7693"
2017-05-19 00:58:42,2017-05-19 00:58:42,46.80683,-119.28583,33,84,31566.92,"Ti=79/Te=58/P= 1442/V=7693"
2017-05-19 00:58:57,2017-05-19 00:58:57,46.80700,-119.28383,37,83,31615.38,"Ti=79/Te=58/P= 1437/V=7693"
2017-05-19 00:59:12,2017-05-19 00:59:12,46.80717,-119.28200,35,87,31665.67,"Ti=79/Te=58/P= 1430/V=7693"
2017-05-19 00:59:27,2017-05-19 00:59:27,46.80717,-119.27983,44,92,31709.56,"Ti=79/Te=58/P= 1424/V=7693"
2017-05-19 00:59:42,2017-05-19 00:59:42,46.80717,-119.27717,50,86,31750.10,"Ti=79/Te=58/P= 1419/V=7693"
2017-05-19 00:59:57,2017-05-19 00:59:57,46.80700,-119.27467,41,99,31788.20,"Ti=79/Te=58/P= 1414/V=7693"
2017-05-19 01:00:12,2017-05-19 01:00:12,46.80683,-119.27267,35,94,31825.08,"Ti=79/Te=58/P= 1410/V=7693"
2017-05-19 01:00:27,2017-05-19 01:00:27,46.80683,-119.27067,37,97,31864.10,"Ti=79/Te=58/P= 1403/V=7693"
2017-05-19 01:00:42,2017-05-19 01:00:42,46.80650,-119.26900,28,109,31905.85,"Ti=79/Te=58/P= 1398/V=7693"
2017-05-19 01:00:57,2017-05-19 01:00:57,46.80600,-119.26750,31,118,31952.18,"Ti=79/Te=59/P= 1391/V=7693"
2017-05-19 01:01:12,2017-05-19 01:01:12,46.80550,-119.26633,20,128,31997.90,"Ti=79/Te=59/P= 1384/V=7693"
2017-05-19 01:01:27,2017-05-19 01:01:27,46.80500,-119.26517,26,118,32044.54,"Ti=79/Te=59/P= 1377/V=7693"
2017-05-19 01:01:42,2017-05-19 01:01:42,46.80450,-119.26400,26,120,32091.17,"Ti=79/Te=59/P= 1371/V=7693"
2017-05-19 01:01:57,2017-05-19 01:01:57,46.80417,-119.26250,31,118,32139.64,"Ti=79/Te=59/P= 1363/V=7693"
2017-05-19 01:02:12,2017-05-19 01:02:12,46.80350,-119.26133,22,124,32183.83,"Ti=79/Te=59/P= 1357/V=7693"
2017-05-19 01:02:27,2017-05-19 01:02:27,46.80317,-119.26033,22,114,32224.98,"Ti=79/Te=60/P= 1350/V=7693"
2017-05-19 01:02:42,2017-05-19 01:02:42,46.80267,-119.25933,24,126,32263.38,"Ti=79/Te=60/P= 1344/V=7693"
2017-05-19 01:02:57,2017-05-19 01:02:57,46.80217,-119.25800,31,123,32302.40,"Ti=79/Te=59/P= 1340/V=7693"
2017-05-19 01:03:12,2017-05-19 01:03:12,46.80133,-119.25667,35,133,32336.84,"Ti=79/Te=60/P= 1336/V=7693"
2017-05-19 01:03:27,2017-05-19 01:03:27,46.80050,-119.25533,31,136,32372.50,"Ti=80/Te=60/P= 1332/V=7693"
2017-05-19 01:03:42,2017-05-19 01:03:42,46.79983,-119.25433,26,134,32409.08,"Ti=80/Te=60/P= 1327/V=7693"
2017-05-19 01:03:57,2017-05-19 01:03:57,46.79900,-119.25333,24,146,32445.05,"Ti=80/Te=60/P= 1324/V=7693"
2017-05-19 01:04:12,2017-05-19 01:04:12,46.79833,-119.25267,22,143,32484.36,"Ti=79/Te=60/P= 1321/V=7693"
2017-05-19 01:04:27,2017-05-19 01:04:27,46.79767,-119.25183,26,141,32523.38,"Ti=80/Te=60/P= 1315/V=7693"
2017-05-19 01:04:42,2017-05-19 01:04:42,46.79700,-119.25117,19,136,32564.53,"Ti=79/Te=60/P= 1311/V=7693"
2017-05-19 01:04:57,2017-05-19 01:04:57,46.79650,-119.25017,26,132,32603.85,"Ti=80/Te=60/P= 1308/V=7693"
2017-05-19 01:05:12,2017-05-19 01:05:12,46.79583,-119.24917,26,134,32640.73,"Ti=80/Te=60/P= 1303/V=7693"
2017-05-19 01:05:27,2017-05-19 01:05:27,46.79533,-119.24817,20,123,32681.27,"Ti=80/Te=60/P= 1298/V=7673"
2017-05-19 01:05:42,2017-05-19 01:05:42,46.79500,-119.24750,13,126,32722.41,"Ti=80/Te=60/P= 1295/V=7693"
2017-05-19 01:05:57,2017-05-19 01:05:57,46.79483,-119.24700,11,103,32762.34,"Ti=80/Te=60/P= 1289/V=7673"
2017-05-19 01:06:12,2017-05-19 01:06:12,46.79467,-119.24617,15,102,32802.27,"Ti=80/Te=60/P= 1285/V=7693"
2017-05-19 01:06:27,2017-05-19 01:06:27,46.79467,-119.24550,15,107,32840.07,"Ti=80/Te=60/P= 1280/V=7673"
2017-05-19 01:06:42,2017-05-19 01:06:42,46.79433,-119.24467,17,108,32880.00,"Ti=80/Te=60/P= 1277/V=7673"
2017-05-19 01:06:57,2017-05-19 01:06:57,46.79433,-119.24383,17,91,32917.79,"Ti=80/Te=60/P= 1271/V=7673"
2017-05-19 01:07:12,2017-05-19 01:07:12,46.79433,-119.24300,17,77,32956.80,"Ti=80/Te=60/P= 1265/V=7673"
2017-05-19 01:07:27,2017-05-19 01:07:27,46.79450,-119.24200,20,90,32994.60,"Ti=79/Te=60/P= 1260/V=7673"
2017-05-19 01:07:43,2017-05-19 01:07:43,46.79450,-119.24067,22,84,33028.74,"Ti=80/Te=60/P= 1255/V=7673"
2017-05-19 01:07:58,2017-05-19 01:07:58,46.79467,-119.23950,20,79,33059.22,"Ti=80/Te=60/P= 1251/V=7673"
2017-05-19 01:08:13,2017-05-19 01:08:13,46.79467,-119.23867,15,94,33087.26,"Ti=80/Te=60/P= 1248/V=7673"
2017-05-19 01:08:28,2017-05-19 01:08:28,46.79467,-119.23800,13,81,33114.08,"Ti=80/Te=60/P= 1243/V=7673"
2017-05-19 01:08:43,2017-05-19 01:08:43,46.79467,-119.23733,11,112,33142.43,"Ti=80/Te=60/P= 1240/V=7673"
2017-05-19 01:08:58,2017-05-19 01:08:58,46.79450,-119.23683,9,106,33171.99,"Ti=79/Te=60/P= 1237/V=7673"
2017-05-19 01:09:13,2017-05-19 01:09:13,46.79433,-119.23650,7,143,33202.17,"Ti=80/Te=59/P= 1233/V=7673"
2017-05-19 01:09:28,2017-05-19 01:09:28,46.79400,-119.23617,11,156,33233.56,"Ti=80/Te=60/P= 1227/V=7673"
2017-05-19 01:09:43,2017-05-19 01:09:43,46.79367,-119.23600,7,170,33268.31,"Ti=80/Te=59/P= 1224/V=7673"
2017-05-19 01:09:58,2017-05-19 01:09:58,46.79333,-119.23617,11,182,33303.67,"Ti=79/Te=59/P= 1218/V=7673"
2017-05-19 01:10:13,2017-05-19 01:10:13,46.79283,-119.23600,13,180,33339.63,"Ti=79/Te=59/P= 1215/V=7673"
2017-05-19 01:10:28,2017-05-19 01:10:28,46.79233,-119.23617,13,190,33378.95,"Ti=79/Te=59/P= 1211/V=7673"
2017-05-19 01:10:43,2017-05-19 01:10:43,46.79183,-119.23633,17,191,33417.36,"Ti=79/Te=60/P= 1207/V=7673"
2017-05-19 01:10:58,2017-05-19 01:10:58,46.79117,-119.23650,15,188,33457.90,"Ti=80/Te=59/P= 1204/V=7673"
2017-05-19 01:11:13,2017-05-19 01:11:13,46.79067,-119.23650,13,190,33496.61,"Ti=79/Te=59/P= 1202/V=7673"
2017-05-19 01:11:28,2017-05-19 01:11:28,46.79033,-119.23667,13,189,33534.10,"Ti=79/Te=59/P= 1199/V=7673"
2017-05-19 01:11:43,2017-05-19 01:11:43,46.78983,-119.23667,11,181,33570.67,"Ti=79/Te=59/P= 1197/V=7673"
2017-05-19 01:11:58,2017-05-19 01:11:58,46.78933,-119.23667,11,174,33601.76,"Ti=79/Te=59/P= 1197/V=7673"
2017-05-19 01:12:13,2017-05-19 01:12:13,46.78900,-119.23667,11,182,33633.46,"Ti=79/Te=59/P= 1196/V=7673"
2017-05-19 01:12:28,2017-05-19 01:12:28,46.78867,-119.23667,9,180,33665.16,"Ti=79/Te=59/P= 1196/V=7673"
2017-05-19 01:12:43,2017-05-19 01:12:43,46.78833,-119.23650,9,143,33695.64,"Ti=79/Te=59/P= 1197/V=7673"
2017-05-19 01:12:58,2017-05-19 01:12:58,46.78817,-119.23617,9,116,33721.85,"Ti=79/Te=59/P= 1199/V=7673"
2017-05-19 01:13:13,2017-05-19 01:13:13,46.78800,-119.23567,11,95,33746.24,"Ti=79/Te=59/P= 1200/V=7673"
2017-05-19 01:13:28,2017-05-19 01:13:28,46.78817,-119.23500,13,82,33771.23,"Ti=79/Te=59/P= 1202/V=7673"
2017-05-19 01:13:43,2017-05-19 01:13:43,46.78817,-119.23417,19,80,33795.61,"Ti=79/Te=59/P= 1203/V=7673"
2017-05-19 01:13:58,2017-05-19 01:13:58,46.78833,-119.23300,20,85,33818.78,"Ti=79/Te=59/P= 1203/V=7673"
2017-05-19 01:14:13,2017-05-19 01:14:13,46.78833,-119.23183,22,98,33841.94,"Ti=79/Te=60/P= 1203/V=7673"
2017-05-19 01:14:28,2017-05-19 01:14:28,46.78800,-119.23067,22,108,33865.41,"Ti=79/Te=60/P= 1204/V=7673"
2017-05-19 01:16:44,2017-05-19 01:16:44,46.78317,-119.22017,33,125,29202.89,"Ti=80/Te=49/P= 1808/V=7653"
2017-05-19 01:16:59,2017-05-19 01:16:59,46.78333,-119.21867,17,74,28658.82,"Ti=80/Te=48/P= 1928/V=7653"
2017-05-19 01:17:13,2017-05-19 01:17:13,46.78267,-119.21733,35,106,28159.86,"Ti=80/Te=46/P= 2039/V=7653"
2017-05-19 01:17:28,2017-05-19 01:17:28,46.78217,-119.21600,33,137,27725.52,"Ti=80/Te=44/P= 2156/V=7653"
2017-05-19 01:17:43,2017-05-19 01:17:43,46.78200,-119.21433,39,76,27328.67,"Ti=80/Te=43/P= 2257/V=7653"
2017-05-19 01:17:59,2017-05-19 01:17:59,46.78167,-119.21267,20,89,26916.28,"Ti=80/Te=41/P= 2362/V=7653"
2017-05-19 01:18:13,2017-05-19 01:18:13,46.78133,-119.21133,30,102,26533.75,"Ti=80/Te=40/P= 2476/V=7653"
2017-05-19 01:18:28,2017-05-19 01:18:28,46.78100,-119.21017,30,125,26162.51,"Ti=80/Te=38/P= 2592/V=7653"
2017-05-19 01:18:58,2017-05-19 01:18:58,46.78050,-119.20750,33,77,25442.27,"Ti=80/Te=35/P= 2833/V=7653"
2017-05-19 01:20:13,2017-05-19 01:20:13,46.78100,-119.20467,33,77,23826.83,"Ti=80/Te=29/P= 3486/V=7653"
2017-05-19 01:20:28,2017-05-19 01:20:28,46.78150,-119.20433,7,130,23525.68,"Ti=80/Te=28/P= 3632/V=7653"
2017-05-19 01:20:43,2017-05-19 01:20:43,46.78167,-119.20450,6,229,23237.34,"Ti=80/Te=26/P= 3761/V=7653"
2017-05-19 01:21:14,2017-05-19 01:21:14,46.78150,-119.20533,19,83,22647.55,"Ti=80/Te=24/P= 4069/V=7653"
2017-05-19 01:21:28,2017-05-19 01:21:28,46.78183,-119.20417,20,51,22367.75,"Ti=80/Te=22/P= 4223/V=7653"
2017-05-19 01:21:43,2017-05-19 01:21:43,46.78200,-119.20400,4,237,22125.13,"Ti=80/Te=21/P= 4380/V=7653"
2017-05-19 01:21:58,2017-05-19 01:21:58,46.78200,-119.20350,19,73,21877.02,"Ti=80/Te=20/P= 4529/V=7653"
2017-05-19 01:22:13,2017-05-19 01:22:13,46.78250,-119.20300,30,52,21632.57,"Ti=80/Te=19/P= 4684/V=7633"
2017-05-19 01:22:28,2017-05-19 01:22:43,46.78300,-119.20267,4,85,21158.61,"Ti=80/Te=17/P= 5016/V=7633"
2017-05-19 01:22:58,2017-05-19 01:22:58,46.78283,-119.20250,6,80,20931.23,"Ti=80/Te=16/P= 5183/V=7633"
2017-05-19 01:23:28,2017-05-19 01:23:28,46.78317,-119.20033,17,81,20482.86,"Ti=80/Te=14/P= 5506/V=7653"
2017-05-19 01:23:44,2017-05-19 01:23:44,46.78333,-119.19967,24,66,20252.74,"Ti=79/Te=13/P= 5689/V=7633"
2017-05-19 01:24:00,2017-05-19 01:24:00,46.78367,-119.19900,19,24,20037.25,"Ti=79/Te=12/P= 5858/V=7633"
2017-05-19 01:24:14,2017-05-19 01:24:14,46.78417,-119.19850,15,95,19823.28,"Ti=79/Te=11/P= 6052/V=7633"
2017-05-19 01:24:29,2017-05-19 01:24:29,46.78400,-119.19817,20,138,19633.69,"Ti=79/Te=11/P= 6226/V=7633"
2017-05-19 01:24:44,2017-05-19 01:24:44,46.78400,-119.19733,11,54,19424.29,"Ti=79/Te=9/P= 6395/V=7633"
2017-05-19 01:24:59,2017-05-19 01:24:59,46.78383,-119.19667,22,96,19220.08,"Ti=79/Te=9/P= 6596/V=7633"
2017-05-19 01:25:14,2017-05-19 01:25:14,46.78383,-119.19583,20,85,19027.75,"Ti=79/Te=9/P= 6775/V=7633"
2017-05-19 01:25:29,2017-05-19 01:25:29,46.78400,-119.19550,9,94,18841.52,"Ti=79/Te=8/P= 6963/V=7613"
2017-05-19 01:25:44,2017-05-19 01:25:44,46.78383,-119.19533,19,135,18657.72,"Ti=79/Te=9/P= 7168/V=7613"
2017-05-19 01:25:59,2017-05-19 01:25:59,46.78367,-119.19500,9,158,18494.35,"Ti=79/Te=7/P= 7352/V=7613"
2017-05-19 01:26:14,2017-05-19 01:26:14,46.78317,-119.19417,24,96,18312.38,"Ti=79/Te=7/P= 7536/V=7633"
2017-05-19 01:26:29,2017-05-19 01:26:29,46.78317,-119.19267,24,73,18130.72,"Ti=78/Te=5/P= 7736/V=7613"
2017-05-19 01:26:44,2017-05-19 01:26:44,46.78283,-119.19150,26,130,17964.91,"Ti=78/Te=5/P= 7932/V=7613"
2017-05-19 01:26:59,2017-05-19 01:26:59,46.78267,-119.19033,24,108,17799.71,"Ti=78/Te=4/P= 8127/V=7613"
2017-05-19 01:27:14,2017-05-19 01:27:14,46.78267,-119.18967,17,45,17635.73,"Ti=78/Te=3/P= 8319/V=7633"
2017-05-19 01:27:29,2017-05-19 01:27:29,46.78300,-119.18900,20,95,17478.45,"Ti=78/Te=3/P= 8524/V=7613"
2017-05-19 01:27:44,2017-05-19 01:27:44,46.78267,-119.18817,19,123,17321.17,"Ti=78/Te=3/P= 8715/V=7613"
2017-05-19 01:27:59,2017-05-19 01:27:59,46.78217,-119.18667,50,112,17165.42,"Ti=78/Te=2/P= 8939/V=7613"
2017-05-19 01:28:15,2017-05-19 01:28:15,46.78167,-119.18467,37,129,17009.97,"Ti=78/Te=1/P= 9136/V=7613"
2017-05-19 01:28:29,2017-05-19 01:28:29,46.78150,-119.18267,30,80,16859.40,"Ti=78/Te=1/P= 9362/V=7613"
2017-05-19 01:28:44,2017-05-19 01:28:44,46.78133,-119.18133,33,102,16714.01,"Ti=78/Te=0/P= 9564/V=7613"
2017-05-19 01:28:59,2017-05-19 01:28:59,46.78133,-119.18033,19,134,16572.89,"Ti=78/Te=0/P= 9750/V=7613"
2017-05-19 01:29:14,2017-05-19 01:29:14,46.78100,-119.17950,19,161,16435.12,"Ti=77/Te=-1/P= 9981/V=7613"
2017-05-19 01:29:29,2017-05-19 01:29:29,46.78083,-119.17850,17,108,16297.66,"Ti=77/Te=-1/P= 10178/V=7613"
2017-05-19 01:29:44,2017-05-19 01:29:44,46.78050,-119.17783,22,105,16160.50,"Ti=77/Te=-1/P= 10385/V=7613"
2017-05-19 01:29:59,2017-05-19 01:29:59,46.77983,-119.17700,44,123,16025.47,"Ti=77/Te=-1/P= 10627/V=7613"
2017-05-19 01:30:14,2017-05-19 01:30:14,46.77917,-119.17550,41,125,15894.41,"Ti=77/Te=-2/P= 10837/V=7613"
2017-05-19 01:30:29,2017-05-19 01:30:29,46.77833,-119.17383,48,119,15763.04,"Ti=77/Te=-2/P= 11057/V=7613"
2017-05-19 01:30:44,2017-05-19 01:30:44,46.77783,-119.17183,52,113,15636.54,"Ti=77/Te=-2/P= 11251/V=7613"
2017-05-19 01:30:59,2017-05-19 01:30:59,46.77717,-119.17000,35,115,15515.54,"Ti=76/Te=-3/P= 11477/V=7613"
2017-05-19 01:31:14,2017-05-19 01:31:14,46.77600,-119.16833,39,130,15394.53,"Ti=76/Te=-3/P= 11680/V=7613"
2017-05-19 01:31:29,2017-05-19 01:31:29,46.77483,-119.16600,44,120,15272.31,"Ti=76/Te=-3/P= 11906/V=7613"
2017-05-19 01:31:44,2017-05-19 01:31:44,46.77417,-119.16400,50,131,15157.09,"Ti=76/Te=-4/P= 12102/V=7613"
2017-05-19 01:31:59,2017-05-19 01:31:59,46.77317,-119.16233,39,137,15040.05,"Ti=76/Te=-3/P= 12332/V=7613"
2017-05-19 01:32:14,2017-05-19 01:32:14,46.77183,-119.16067,48,154,14922.70,"Ti=76/Te=-4/P= 12571/V=7613"
2017-05-19 01:32:29,2017-05-19 01:32:29,46.77033,-119.15850,59,123,14803.83,"Ti=75/Te=-4/P= 12780/V=7613"
2017-05-19 01:32:44,2017-05-19 01:32:44,46.76900,-119.15617,50,118,14684.35,"Ti=75/Te=-4/P= 13021/V=7613"
2017-05-19 01:32:59,2017-05-19 01:32:59,46.76800,-119.15383,57,120,14564.56,"Ti=75/Te=-4/P= 13250/V=7613"
2017-05-19 01:33:14,2017-05-19 01:33:14,46.76717,-119.15217,31,128,14449.35,"Ti=75/Te=-5/P= 13493/V=7613"
2017-05-19 01:33:29,2017-05-19 01:33:29,46.76583,-119.15067,50,148,14332.92,"Ti=75/Te=-5/P= 13764/V=7613"
2017-05-19 01:33:44,2017-05-19 01:33:44,46.76450,-119.14933,50,138,14217.70,"Ti=75/Te=-5/P= 13983/V=7613"
2017-05-19 01:33:59,2017-05-19 01:33:59,46.76300,-119.14733,63,142,14106.45,"Ti=75/Te=-5/P= 14235/V=7613"
2017-05-19 01:34:14,2017-05-19 01:34:14,46.76117,-119.14500,69,127,13994.59,"Ti=74/Te=-6/P= 14473/V=7613"
2017-05-19 01:34:29,2017-05-19 01:34:29,46.75950,-119.14167,81,121,13880.90,"Ti=74/Te=-6/P= 14737/V=7613"
2017-05-19 01:34:44,2017-05-19 01:34:44,46.75800,-119.13883,63,128,13773.91,"Ti=74/Te=-6/P= 14970/V=7613"
2017-05-19 01:34:59,2017-05-19 01:34:59,46.75650,-119.13567,78,121,13669.67,"Ti=74/Te=-7/P= 15216/V=7593"
2017-05-19 01:35:14,2017-05-19 01:35:14,46.75517,-119.13233,67,123,13568.78,"Ti=74/Te=-8/P= 15485/V=7613"
2017-05-19 01:35:29,2017-05-19 01:35:29,46.75383,-119.12950,54,124,13466.67,"Ti=74/Te=-8/P= 15703/V=7613"
2017-05-19 01:35:44,2017-05-19 01:35:44,46.75250,-119.12667,54,126,13364.57,"Ti=74/Te=-8/P= 15953/V=7593"
2017-05-19 01:35:59,2017-05-19 01:35:59,46.75067,-119.12400,80,130,13267.64,"Ti=73/Te=-8/P= 16193/V=7593"
2017-05-19 01:36:14,2017-05-19 01:36:14,46.74850,-119.12117,91,143,13171.32,"Ti=73/Te=-9/P= 16436/V=7593"
2017-05-19 01:36:29,2017-05-19 01:36:29,46.74633,-119.11850,74,140,13075.62,"Ti=73/Te=-9/P= 16680/V=7593"
2017-05-19 01:36:44,2017-05-19 01:36:44,46.74450,-119.11533,76,129,12979.91,"Ti=73/Te=-9/P= 16926/V=7593"
2017-05-19 01:36:59,2017-05-19 01:36:59,46.74250,-119.11233,72,134,12885.12,"Ti=73/Te=-10/P= 17170/V=7593"
2017-05-19 01:37:14,2017-05-19 01:37:14,46.74017,-119.10983,83,140,12791.85,"Ti=72/Te=-10/P= 17435/V=7593"
2017-05-19 01:37:29,2017-05-19 01:37:29,46.73750,-119.10750,96,147,12701.93,"Ti=72/Te=-10/P= 17692/V=7593"
2017-05-19 01:37:44,2017-05-19 01:37:44,46.73433,-119.10517,107,160,12608.66,"Ti=72/Te=-12/P= 17941/V=7593"
2017-05-19 01:37:59,2017-05-19 01:37:59,46.73067,-119.10267,122,159,12517.22,"Ti=72/Te=-13/P= 18194/V=7593"
2017-05-19 01:38:29,2017-05-19 01:38:29,46.72133,-119.09667,163,157,12337.08,"Ti=71/Te=-14/P= 18718/V=7593"
2017-05-19 01:38:44,2017-05-19 01:38:44,46.71583,-119.09300,180,154,12248.08,"Ti=71/Te=-14/P= 18984/V=7593"
2017-05-19 01:38:59,2017-05-19 01:38:59,46.71017,-119.08867,180,152,12158.78,"Ti=71/Te=-14/P= 19253/V=7593"
2017-05-19 01:39:14,2017-05-19 01:39:14,46.70433,-119.08367,194,147,12067.64,"Ti=71/Te=-16/P= 19510/V=7593"
2017-05-19 01:39:29,2017-05-19 01:39:29,46.69833,-119.07833,183,143,11989.00,"Ti=71/Te=-16/P= 19792/V=7593"
2017-05-19 01:39:44,2017-05-19 01:39:44,46.69250,-119.07250,194,144,11905.49,"Ti=70/Te=-17/P= 20054/V=7593"
2017-05-19 01:40:00,2017-05-19 01:40:00,46.68667,-119.06650,183,143,11825.02,"Ti=70/Te=-16/P= 20309/V=7593"
2017-05-19 01:40:14,2017-05-19 01:40:14,46.68083,-119.06033,193,141,11746.38,"Ti=70/Te=-17/P= 20583/V=7593"
2017-05-19 01:40:30,2017-05-19 01:40:30,46.67500,-119.05350,187,141,11662.87,"Ti=70/Te=-17/P= 20842/V=7613"
2017-05-19 01:40:45,2017-05-19 01:40:45,46.66950,-119.04733,189,138,11580.57,"Ti=70/Te=-17/P= 21144/V=7593"
2017-05-19 01:41:01,2017-05-19 01:41:01,46.66417,-119.04117,193,144,11501.02,"Ti=70/Te=-17/P= 21385/V=7613"
2017-05-19 01:41:15,2017-05-19 01:41:15,46.65833,-119.03533,200,143,11421.16,"Ti=69/Te=-17/P= 21646/V=7593"
2017-05-19 01:41:30,2017-05-19 01:41:30,46.65233,-119.02950,202,146,11340.08,"Ti=69/Te=-17/P= 21922/V=7613"
2017-05-19 01:41:45,2017-05-19 01:41:45,46.64633,-119.02367,202,146,11260.84,"Ti=69/Te=-18/P= 22200/V=7593"
2017-05-19 01:42:00,2017-05-19 01:42:00,46.64017,-119.01783,187,145,11177.32,"Ti=68/Te=-18/P= 22496/V=7613"
2017-05-19 01:42:15,2017-05-19 01:42:15,46.63400,-119.01200,194,148,11094.42,"Ti=68/Te=-18/P= 22781/V=7593"
2017-05-19 01:42:30,2017-05-19 01:42:30,46.62767,-119.00600,204,145,11008.77,"Ti=68/Te=-17/P= 23090/V=7593"
2017-05-19 01:42:45,2017-05-19 01:42:45,46.62133,-119.00017,209,147,10920.37,"Ti=68/Te=-18/P= 23391/V=7593"
2017-05-19 01:43:00,2017-05-19 01:43:00,46.61500,-118.99450,191,148,10833.51,"Ti=68/Te=-17/P= 23714/V=7593"
2017-05-19 01:43:15,2017-05-19 01:43:15,46.60883,-118.98883,193,148,10750.91,"Ti=68/Te=-17/P= 24040/V=7593"
2017-05-19 01:43:30,2017-05-19 01:43:30,46.60233,-118.98333,198,147,10667.09,"Ti=67/Te=-17/P= 24338/V=7593"
2017-05-19 01:43:45,2017-05-19 01:43:45,46.59617,-118.97800,191,147,10586.62,"Ti=67/Te=-16/P= 24636/V=7593"
2017-05-19 01:44:00,2017-05-19 01:44:00,46.58967,-118.97250,193,152,10504.02,"Ti=67/Te=-17/P= 24950/V=7593"
2017-05-19 01:44:15,2017-05-19 01:44:15,46.58333,-118.96733,193,155,10425.68,"Ti=67/Te=-16/P= 25256/V=7593"
2017-05-19 01:44:30,2017-05-19 01:44:30,46.57700,-118.96217,185,152,10350.09,"Ti=66/Te=-16/P= 25553/V=7593"
2017-05-19 01:44:45,2017-05-19 01:44:45,46.57067,-118.95733,191,155,10276.33,"Ti=66/Te=-15/P= 25853/V=7593"
2017-05-19 01:45:00,2017-05-19 01:45:00,46.56433,-118.95250,183,152,10201.66,"Ti=66/Te=-15/P= 26147/V=7593"
2017-05-19 01:45:15,2017-05-19 01:45:15,46.55783,-118.94783,191,157,10124.54,"Ti=66/Te=-14/P= 26463/V=7593"
2017-05-19 01:45:30,2017-05-19 01:45:30,46.55150,-118.94283,200,152,10053.52,"Ti=66/Te=-14/P= 26755/V=7593"
2017-05-19 01:45:45,2017-05-19 01:45:45,46.54533,-118.93783,200,149,9982.50,"Ti=65/Te=-14/P= 27044/V=7593"
2017-05-19 01:46:00,2017-05-19 01:46:00,46.53917,-118.93317,196,151,9911.18,"Ti=65/Te=-14/P= 27308/V=7593"
2017-05-19 01:46:15,2017-05-19 01:46:15,46.53283,-118.92817,189,154,9840.47,"Ti=65/Te=-13/P= 27629/V=7593"
2017-05-19 01:46:45,2017-05-19 01:46:45,46.52000,-118.91917,187,153,9695.99,"Ti=65/Te=-12/P= 28196/V=7593"
2017-05-19 01:47:00,2017-05-19 01:47:00,46.51350,-118.91500,183,154,9623.15,"Ti=64/Te=-12/P= 28520/V=7593"
2017-05-19 01:47:15,2017-05-19 01:47:15,46.50700,-118.91100,187,161,9549.99,"Ti=64/Te=-11/P= 28818/V=7593"
2017-05-19 01:47:31,2017-05-19 01:47:31,46.50067,-118.90717,185,155,9474.71,"Ti=64/Te=-11/P= 29125/V=7593"
2017-05-19 01:47:45,2017-05-19 01:47:45,46.49433,-118.90383,174,164,9393.94,"Ti=64/Te=-10/P= 29447/V=7593"
2017-05-19 01:48:00,2017-05-19 01:48:00,46.48850,-118.90067,178,160,9313.77,"Ti=64/Te=-10/P= 29827/V=7593"
2017-05-19 01:48:15,2017-05-19 01:48:15,46.48267,-118.89783,156,160,9234.53,"Ti=63/Te=-9/P= 30167/V=7593"
2017-05-19 01:48:30,2017-05-19 01:48:30,46.47733,-118.89517,159,159,9152.84,"Ti=63/Te=-9/P= 30540/V=7593"
2017-05-19 01:48:45,2017-05-19 01:48:45,46.47217,-118.89267,144,161,9075.12,"Ti=63/Te=-9/P= 30899/V=7593"
2017-05-19 01:49:00,2017-05-19 01:49:00,46.46700,-118.89017,148,162,9001.05,"Ti=63/Te=-8/P= 31251/V=7593"
2017-05-19 01:49:15,2017-05-19 01:49:15,46.46200,-118.88750,141,164,8926.37,"Ti=63/Te=-8/P= 31582/V=7593"
2017-05-19 01:49:31,2017-05-19 01:49:31,46.45733,-118.88500,130,155,8853.53,"Ti=63/Te=-8/P= 31918/V=7593"
2017-05-19 01:49:45,2017-05-19 01:49:45,46.45283,-118.88250,119,159,8784.03,"Ti=62/Te=-7/P= 32260/V=7593"
2017-05-19 01:50:00,2017-05-19 01:50:00,46.44883,-118.87983,113,158,8712.71,"Ti=62/Te=-7/P= 32572/V=7593"
2017-05-19 01:50:15,2017-05-19 01:50:15,46.44500,-118.87733,107,155,8638.34,"Ti=62/Te=-6/P= 32921/V=7572"
2017-05-19 01:50:30,2017-05-19 01:50:30,46.44133,-118.87467,104,154,8551.16,"Ti=62/Te=-7/P= 33286/V=7593"
2017-05-19 01:50:45,2017-05-19 01:50:45,46.43783,-118.87233,111,151,8474.96,"Ti=62/Te=-5/P= 33719/V=7572"
2017-05-19 01:51:00,2017-05-19 01:51:00,46.43450,-118.87000,96,150,8400.59,"Ti=62/Te=-5/P= 34089/V=7593"
2017-05-19 01:51:16,2017-05-19 01:51:16,46.43133,-118.86750,94,157,8321.65,"Ti=61/Te=-4/P= 34475/V=7572"
2017-05-19 01:51:30,2017-05-19 01:51:30,46.42833,-118.86500,98,153,8246.36,"Ti=61/Te=-4/P= 34850/V=7572"
2017-05-19 01:51:45,2017-05-19 01:51:45,46.42533,-118.86217,102,145,8170.77,"Ti=61/Te=-4/P= 35206/V=7572"
2017-05-19 01:52:00,2017-05-19 01:52:00,46.42250,-118.85917,89,145,8097.32,"Ti=61/Te=-3/P= 35600/V=7572"
2017-05-19 01:52:15,2017-05-19 01:52:15,46.41983,-118.85650,85,143,8026.91,"Ti=61/Te=-2/P= 35986/V=7572"
2017-05-19 01:52:30,2017-05-19 01:52:30,46.41733,-118.85333,81,136,7958.94,"Ti=61/Te=-2/P= 36321/V=7572"
2017-05-19 01:52:46,2017-05-19 01:52:46,46.41500,-118.85033,85,133,7895.23,"Ti=61/Te=-1/P= 36674/V=7572"
2017-05-19 01:53:00,2017-05-19 01:53:00,46.41233,-118.84733,83,135,7830.92,"Ti=60/Te=-1/P= 37004/V=7572"
2017-05-19 01:53:16,2017-05-19 01:53:16,46.41017,-118.84417,81,133,7765.08,"Ti=60/Te=-1/P= 37346/V=7572"
2017-05-19 01:54:00,2017-05-19 01:54:00,46.40300,-118.83517,81,133,7569.71,"Ti=60/Te=1/P= 38375/V=7572"
2017-05-19 01:54:15,2017-05-19 01:54:15,46.40083,-118.83167,93,138,7506.61,"Ti=60/Te=1/P= 38737/V=7572"
2017-05-19 01:54:30,2017-05-19 01:54:30,46.39850,-118.82850,85,137,7442.91,"Ti=60/Te=2/P= 39067/V=7572"
2017-05-19 01:54:45,2017-05-19 01:54:45,46.39617,-118.82517,93,140,7377.68,"Ti=60/Te=3/P= 39430/V=7572"
2017-05-19 01:55:00,2017-05-19 01:55:00,46.39383,-118.82183,85,133,7314.90,"Ti=60/Te=3/P= 39783/V=7572"
2017-05-19 01:55:15,2017-05-19 01:55:15,46.39133,-118.81833,87,140,7253.33,"Ti=59/Te=4/P= 40136/V=7572"
2017-05-19 01:55:30,2017-05-19 01:55:30,46.38883,-118.81483,100,133,7192.67,"Ti=59/Te=4/P= 40478/V=7572"
2017-05-19 01:55:45,2017-05-19 01:55:45,46.38633,-118.81167,89,135,7132.62,"Ti=59/Te=4/P= 40813/V=7572"
2017-05-19 01:56:00,2017-05-19 01:56:00,46.38383,-118.80817,87,136,7071.97,"Ti=59/Te=5/P= 41157/V=7572"
2017-05-19 01:56:15,2017-05-19 01:56:15,46.38150,-118.80467,81,131,7010.10,"Ti=59/Te=5/P= 41514/V=7572"
2017-05-19 01:56:45,2017-05-19 01:56:45,46.37683,-118.79833,98,136,6882.08,"Ti=59/Te=6/P= 42241/V=7572"
2017-05-19 01:57:00,2017-05-19 01:57:00,46.37467,-118.79500,80,139,6818.99,"Ti=59/Te=7/P= 42611/V=7572"
2017-05-19 01:57:15,2017-05-19 01:57:15,46.37233,-118.79183,96,139,6753.76,"Ti=59/Te=7/P= 42991/V=7572"
2017-05-19 01:57:30,2017-05-19 01:57:30,46.36967,-118.78850,96,140,6689.45,"Ti=58/Te=7/P= 43371/V=7572"
2017-05-19 01:57:45,2017-05-19 01:57:45,46.36717,-118.78517,87,143,6626.35,"Ti=59/Te=8/P= 43759/V=7572"
2017-05-19 01:58:00,2017-05-19 01:58:00,46.36483,-118.78200,91,142,6559.91,"Ti=58/Te=8/P= 44117/V=7572"
2017-05-19 01:58:16,2017-05-19 01:58:16,46.36217,-118.77883,85,137,6487.67,"Ti=58/Te=9/P= 44539/V=7572"
2017-05-19 01:58:31,2017-05-19 01:58:31,46.35967,-118.77583,81,144,6421.53,"Ti=58/Te=10/P= 44978/V=7572"
2017-05-19 01:58:46,2017-05-19 01:58:46,46.35733,-118.77333,76,144,6352.03,"Ti=58/Te=10/P= 45392/V=7572"
2017-05-19 01:59:01,2017-05-19 01:59:01,46.35533,-118.77067,80,142,6280.40,"Ti=58/Te=11/P= 45815/V=7572"
2017-05-19 01:59:16,2017-05-19 01:59:16,46.35350,-118.76817,74,132,6212.74,"Ti=58/Te=11/P= 46266/V=7572"
2017-05-19 01:59:31,2017-05-19 01:59:31,46.35183,-118.76583,56,132,6145.07,"Ti=58/Te=12/P= 46685/V=7556"
2017-05-19 01:59:46,2017-05-19 01:59:46,46.35033,-118.76350,54,140,6076.19,"Ti=58/Te=12/P= 47112/V=7572"
2017-05-19 02:00:01,2017-05-19 02:00:01,46.34917,-118.76133,52,122,6005.17,"Ti=58/Te=13/P= 47546/V=7572"
2017-05-19 02:00:16,2017-05-19 02:00:16,46.34800,-118.75883,50,128,5939.03,"Ti=58/Te=13/P= 48000/V=7572"
2017-05-19 02:00:31,2017-05-19 02:00:31,46.34683,-118.75667,44,124,5873.19,"Ti=58/Te=13/P= 48440/V=7556"
2017-05-19 02:00:46,2017-05-19 02:00:46,46.34583,-118.75517,37,130,5800.04,"Ti=58/Te=15/P= 48889/V=7572"
2017-05-19 02:01:01,2017-05-19 02:01:01,46.34517,-118.75367,41,113,5731.46,"Ti=58/Te=15/P= 49346/V=7556"
2017-05-19 02:01:16,2017-05-19 02:01:16,46.34433,-118.75183,35,136,5669.89,"Ti=58/Te=15/P= 49818/V=7556"
2017-05-19 02:01:31,2017-05-19 02:01:31,46.34350,-118.75000,48,116,5606.49,"Ti=58/Te=16/P= 50211/V=7556"
2017-05-19 02:01:46,2017-05-19 02:01:46,46.34267,-118.74817,41,134,5542.48,"Ti=58/Te=16/P= 50644/V=7556"
2017-05-19 02:02:02,2017-05-19 02:02:02,46.34183,-118.74633,41,139,5479.69,"Ti=58/Te=16/P= 51095/V=7556"
2017-05-19 02:02:16,2017-05-19 02:02:16,46.34083,-118.74450,48,127,5415.38,"Ti=58/Te=17/P= 51508/V=7556"
2017-05-19 02:02:31,2017-05-19 02:02:31,46.34000,-118.74250,46,121,5348.33,"Ti=57/Te=17/P= 51961/V=7556"
2017-05-19 02:02:46,2017-05-19 02:02:46,46.33900,-118.74050,41,129,5281.88,"Ti=58/Te=18/P= 52407/V=7572"
2017-05-19 02:03:01,2017-05-19 02:03:01,46.33817,-118.73850,54,124,5216.35,"Ti=58/Te=19/P= 52886/V=7556"
2017-05-19 02:03:31,2017-05-19 02:03:31,46.33633,-118.73467,43,115,5089.55,"Ti=58/Te=20/P= 53794/V=7556"
2017-05-19 02:03:46,2017-05-19 02:03:46,46.33550,-118.73267,35,118,5025.85,"Ti=58/Te=20/P= 54244/V=7556"
2017-05-19 02:04:01,2017-05-19 02:04:01,46.33483,-118.73083,41,127,4964.89,"Ti=58/Te=21/P= 54685/V=7556"
2017-05-19 02:04:17,2017-05-19 02:04:17,46.33417,-118.72900,39,130,4906.37,"Ti=58/Te=21/P= 55140/V=7556"
2017-05-19 02:04:46,2017-05-19 02:04:46,46.33300,-118.72583,24,117,4791.15,"Ti=57/Te=22/P= 55989/V=7556"
2017-05-19 02:05:01,2017-05-19 02:05:01,46.33233,-118.72433,33,133,4737.51,"Ti=58/Te=23/P= 56397/V=7556"
2017-05-19 02:05:17,2017-05-19 02:05:17,46.33200,-118.72300,37,119,4682.34,"Ti=57/Te=24/P= 56802/V=7556"
2017-05-19 02:05:31,2017-05-19 02:05:31,46.33133,-118.72167,37,128,4623.51,"Ti=58/Te=24/P= 57223/V=7556"
2017-05-19 02:05:46,2017-05-19 02:05:46,46.33067,-118.72017,35,127,4565.29,"Ti=57/Te=24/P= 57665/V=7556"
2017-05-19 02:06:16,2017-05-19 02:06:16,46.32983,-118.71700,31,94,4450.08,"Ti=58/Te=25/P= 58494/V=7556"
2017-05-19 02:06:46,2017-05-19 02:06:46,46.32950,-118.71367,28,101,4329.38,"Ti=58/Te=26/P= 59379/V=7556"
2017-05-19 02:07:02,2017-05-19 02:07:02,46.32933,-118.71233,28,88,4270.86,"Ti=58/Te=26/P= 59863/V=7556"
2017-05-19 02:07:16,2017-05-19 02:07:16,46.32900,-118.71100,26,129,4205.94,"Ti=58/Te=27/P= 60328/V=7556"
2017-05-19 02:07:47,2017-05-19 02:07:47,46.32833,-118.70867,19,103,4077.31,"Ti=58/Te=28/P= 61374/V=7556"
2017-05-19 02:08:32,2017-05-19 02:08:32,46.32733,-118.70583,31,112,3893.82,"Ti=58/Te=29/P= 62859/V=7556"
2017-05-19 02:09:17,2017-05-19 02:09:17,46.32667,-118.70233,28,97,3735.02,"Ti=58/Te=30/P= 64159/V=7556"
2017-05-19 02:09:47,2017-05-19 02:09:47,46.32667,-118.69983,28,74,3613.10,"Ti=58/Te=32/P= 65179/V=7556"
2017-05-19 02:10:02,2017-05-19 02:10:02,46.32667,-118.69833,30,82,3552.44,"Ti=58/Te=32/P= 65656/V=7556"
2017-05-19 02:10:17,2017-05-19 02:10:17,46.32667,-118.69717,24,101,3489.35,"Ti=58/Te=32/P= 66175/V=7556"
2017-05-19 02:11:02,2017-05-19 02:11:02,46.32650,-118.69367,24,108,3302.51,"Ti=58/Te=33/P= 67776/V=7556"
2017-05-19 02:12:02,2017-05-19 02:12:02,46.32517,-118.69050,19,155,3051.05,"Ti=59/Te=35/P= 69945/V=7556"
2017-05-19 02:12:17,2017-05-19 02:12:17,46.32483,-118.69000,20,143,2989.17,"Ti=59/Te=35/P= 70543/V=7556"
2017-05-19 02:12:32,2017-05-19 02:12:32,46.32450,-118.68983,9,210,2932.79,"Ti=59/Te=35/P= 71072/V=7536"
2017-05-19 02:12:47,2017-05-19 02:12:47,46.32417,-118.68983,19,203,2885.85,"Ti=59/Te=35/P= 71548/V=7556"
2017-05-19 02:13:02,2017-05-19 02:13:02,46.32367,-118.69000,15,219,2832.51,"Ti=59/Te=36/P= 71984/V=7536"
2017-05-19 02:13:32,2017-05-19 02:13:32,46.32317,-118.69017,17,215,2730.40,"Ti=59/Te=37/P= 72940/V=7536"
2017-05-19 02:14:47,2017-05-19 02:14:47,46.32217,-118.69000,9,129,2435.66,"Ti=60/Te=39/P= 75681/V=7496"
2017-05-19 02:15:17,2017-05-19 02:15:17,46.32167,-118.68983,4,59,2319.83,"Ti=60/Te=40/P= 76716/V=7456"
2017-05-19 02:15:32,2017-05-19 02:15:32,46.32150,-118.68950,17,132,2267.41,"Ti=60/Te=40/P= 77239/V=7536"
2017-05-19 02:15:47,2017-05-19 02:15:47,46.32100,-118.68933,19,179,2217.12,"Ti=60/Te=41/P= 77713/V=7536"
2017-05-19 02:16:17,2017-05-19 02:16:17,46.32050,-118.68917,19,168,2115.92,"Ti=60/Te=42/P= 78686/V=7476"
2017-05-19 02:16:33,2017-05-19 02:16:33,46.32033,-118.68883,17,150,2064.11,"Ti=61/Te=42/P= 79175/V=7435"
2017-05-19 02:16:48,2017-05-19 02:16:48,46.32000,-118.68900,7,63,2015.95,"Ti=61/Te=43/P= 79683/V=7536"
2017-05-19 02:19:03,2017-05-19 02:19:03,46.31833,-118.68867,15,170,1605.99,"Ti=62/Te=48/P= 83822/V=7536"
2017-05-19 02:20:04,2017-05-19 02:20:18,46.31800,-118.68850,9,54,1405.74,"Ti=62/Te=50/P= 85925/V=7536"
2017-05-19 02:20:33,2017-05-19 02:20:51,46.31783,-118.68833,13,185,1331.98,"Ti=63/Te=51/P= 86696/V=7536"
2017-05-19 02:21:18,2017-05-19 02:21:33,46.31767,-118.68850,9,353,1204.87,"Ti=63/Te=53/P= 87979/V=7536"
2017-05-19 02:22:05,2017-05-19 02:22:05,46.31750,-118.68833,7,282,1116.79,"Ti=63/Te=54/P= 88942/V=7536"
2017-05-19 02:22:33,2017-05-19 02:22:33,46.31750,-118.68817,9,314,1035.10,"Ti=64/Te=55/P= 89827/V=7536"
2017-05-19 02:22:48,2017-05-19 02:22:48,46.31767,-118.68817,11,46,998.52,"Ti=64/Te=55/P= 90234/V=7536"
2017-05-19 02:23:03,2017-05-19 02:23:03,46.31767,-118.68783,9,187,961.64,"Ti=64/Te=56/P= 90627/V=7536"
2017-05-19 02:23:33,2017-05-19 02:24:33,46.31783,-118.68800,11,299,721.16,"Ti=65/Te=59/P= 93225/V=7536"
2017-05-19 02:25:03,2017-05-19 02:25:03,46.31800,-118.68817,9,227,640.08,"Ti=65/Te=61/P= 94116/V=7516"
2017-05-19 02:25:33,2017-05-19 02:25:33,46.31833,-118.68867,13,24,555.65,"Ti=65/Te=62/P= 95032/V=7516"
